sequence,sequence_length,energy_score,time_step,avg_plddt,ptm,pdb_output,esmfolded_sequence,max_homopolymer_length
DRGRAPPARGPRAPRGRGGRAGGRGAGGPR,30,34.246810883283615,1999,0.5252126455307007,0.28320789337158203,"ATOM      1  N   ASP A   1       8.752  19.103  30.698  1.00  0.44           N  
ATOM      2  CA  ASP A   1       9.376  17.811  30.427  1.00  0.51           C  
ATOM      3  C   ASP A   1       9.045  17.325  29.018  1.00  0.46           C  
ATOM      4  CB  ASP A   1       8.932  16.773  31.460  1.00  0.42           C  
ATOM      5  O   ASP A   1       7.889  17.381  28.593  1.00  0.45           O  
ATOM      6  CG  ASP A   1       9.914  16.621  32.608  1.00  0.43           C  
ATOM      7  OD1 ASP A   1      10.997  17.242  32.571  1.00  0.42           O  
ATOM      8  OD2 ASP A   1       9.602  15.870  33.558  1.00  0.45           O  
ATOM      9  N   ARG A   2       9.839  17.470  27.879  1.00  0.52           N  
ATOM     10  CA  ARG A   2       9.517  17.041  26.522  1.00  0.56           C  
ATOM     11  C   ARG A   2       8.817  15.685  26.527  1.00  0.51           C  
ATOM     12  CB  ARG A   2      10.783  16.973  25.665  1.00  0.50           C  
ATOM     13  O   ARG A   2       9.102  14.838  27.376  1.00  0.50           O  
ATOM     14  CG  ARG A   2      11.319  18.334  25.250  1.00  0.49           C  
ATOM     15  CD  ARG A   2      12.513  18.209  24.314  1.00  0.52           C  
ATOM     16  NE  ARG A   2      13.140  19.504  24.065  1.00  0.46           N  
ATOM     17  NH1 ARG A   2      14.486  18.752  22.344  1.00  0.35           N  
ATOM     18  NH2 ARG A   2      14.567  20.949  22.993  1.00  0.31           N  
ATOM     19  CZ  ARG A   2      14.063  19.732  23.134  1.00  0.51           C  
ATOM     20  N   GLY A   3       7.584  15.505  25.807  1.00  0.57           N  
ATOM     21  CA  GLY A   3       6.904  14.223  25.707  1.00  0.59           C  
ATOM     22  C   GLY A   3       7.801  13.111  25.198  1.00  0.57           C  
ATOM     23  O   GLY A   3       8.812  13.372  24.543  1.00  0.56           O  
ATOM     24  N   ARG A   4       7.828  11.880  25.860  1.00  0.57           N  
ATOM     25  CA  ARG A   4       8.578  10.748  25.325  1.00  0.60           C  
ATOM     26  C   ARG A   4       8.437  10.665  23.809  1.00  0.57           C  
ATOM     27  CB  ARG A   4       8.110   9.441  25.968  1.00  0.55           C  
ATOM     28  O   ARG A   4       7.427  11.099  23.250  1.00  0.56           O  
ATOM     29  CG  ARG A   4       9.042   8.265  25.721  1.00  0.55           C  
ATOM     30  CD  ARG A   4       8.613   7.031  26.502  1.00  0.57           C  
ATOM     31  NE  ARG A   4       9.572   5.940  26.356  1.00  0.53           N  
ATOM     32  NH1 ARG A   4       8.007   4.257  26.594  1.00  0.42           N  
ATOM     33  NH2 ARG A   4      10.214   3.737  26.258  1.00  0.39           N  
ATOM     34  CZ  ARG A   4       9.262   4.647  26.403  1.00  0.57           C  
ATOM     35  N   ALA A   5       9.496  10.410  22.988  1.00  0.57           N  
ATOM     36  CA  ALA A   5       9.499  10.147  21.551  1.00  0.58           C  
ATOM     37  C   ALA A   5       8.560   8.996  21.202  1.00  0.56           C  
ATOM     38  CB  ALA A   5      10.915   9.839  21.069  1.00  0.54           C  
ATOM     39  O   ALA A   5       8.324   8.107  22.024  1.00  0.55           O  
ATOM     40  N   PRO A   6       7.573   8.998  20.064  1.00  0.56           N  
ATOM     41  CA  PRO A   6       6.760   7.873  19.596  1.00  0.58           C  
ATOM     42  C   PRO A   6       7.561   6.580  19.466  1.00  0.58           C  
ATOM     43  CB  PRO A   6       6.259   8.345  18.229  1.00  0.54           C  
ATOM     44  O   PRO A   6       8.786   6.620  19.326  1.00  0.57           O  
ATOM     45  CG  PRO A   6       7.024   9.599  17.954  1.00  0.55           C  
ATOM     46  CD  PRO A   6       7.833   9.941  19.171  1.00  0.57           C  
ATOM     47  N   PRO A   7       6.935   5.413  19.904  1.00  0.53           N  
ATOM     48  CA  PRO A   7       7.650   4.175  19.584  1.00  0.55           C  
ATOM     49  C   PRO A   7       7.991   4.057  18.100  1.00  0.54           C  
ATOM     50  CB  PRO A   7       6.667   3.080  20.008  1.00  0.51           C  
ATOM     51  O   PRO A   7       7.349   4.696  17.263  1.00  0.53           O  
ATOM     52  CG  PRO A   7       5.412   3.810  20.361  1.00  0.52           C  
ATOM     53  CD  PRO A   7       5.675   5.286  20.268  1.00  0.54           C  
ATOM     54  N   ALA A   8       9.043   3.661  17.644  1.00  0.57           N  
ATOM     55  CA  ALA A   8       9.535   3.402  16.293  1.00  0.58           C  
ATOM     56  C   ALA A   8       8.505   2.632  15.472  1.00  0.57           C  
ATOM     57  CB  ALA A   8      10.852   2.633  16.345  1.00  0.55           C  
ATOM     58  O   ALA A   8       7.732   1.841  16.019  1.00  0.56           O  
ATOM     59  N   ARG A   9       8.132   3.009  14.120  1.00  0.63           N  
ATOM     60  CA  ARG A   9       7.348   2.265  13.138  1.00  0.66           C  
ATOM     61  C   ARG A   9       7.648   0.772  13.216  1.00  0.65           C  
ATOM     62  CB  ARG A   9       7.626   2.782  11.725  1.00  0.61           C  
ATOM     63  O   ARG A   9       8.778   0.375  13.507  1.00  0.65           O  
ATOM     64  CG  ARG A   9       6.640   2.281  10.681  1.00  0.60           C  
ATOM     65  CD  ARG A   9       6.900   2.903   9.316  1.00  0.62           C  
ATOM     66  NE  ARG A   9       5.671   3.024   8.537  1.00  0.59           N  
ATOM     67  NH1 ARG A   9       6.736   3.136   6.490  1.00  0.52           N  
ATOM     68  NH2 ARG A   9       4.449   3.237   6.604  1.00  0.46           N  
ATOM     69  CZ  ARG A   9       5.621   3.132   7.212  1.00  0.60           C  
ATOM     70  N   GLY A  10       6.532  -0.127  13.236  1.00  0.50           N  
ATOM     71  CA  GLY A  10       6.868  -1.535  13.099  1.00  0.52           C  
ATOM     72  C   GLY A  10       7.551  -1.861  11.785  1.00  0.51           C  
ATOM     73  O   GLY A  10       7.571  -1.036  10.869  1.00  0.50           O  
ATOM     74  N   PRO A  11       8.473  -2.856  11.765  1.00  0.55           N  
ATOM     75  CA  PRO A  11       9.134  -3.285  10.530  1.00  0.55           C  
ATOM     76  C   PRO A  11       8.152  -3.511   9.383  1.00  0.54           C  
ATOM     77  CB  PRO A  11       9.815  -4.596  10.932  1.00  0.51           C  
ATOM     78  O   PRO A  11       6.990  -3.853   9.619  1.00  0.52           O  
ATOM     79  CG  PRO A  11       9.112  -5.025  12.179  1.00  0.50           C  
ATOM     80  CD  PRO A  11       8.376  -3.844  12.743  1.00  0.52           C  
ATOM     81  N   ARG A  12       8.431  -2.986   8.003  1.00  0.63           N  
ATOM     82  CA  ARG A  12       7.702  -3.292   6.777  1.00  0.66           C  
ATOM     83  C   ARG A  12       7.361  -4.777   6.699  1.00  0.62           C  
ATOM     84  CB  ARG A  12       8.516  -2.877   5.549  1.00  0.61           C  
ATOM     85  O   ARG A  12       8.135  -5.622   7.153  1.00  0.61           O  
ATOM     86  CG  ARG A  12       7.723  -2.886   4.252  1.00  0.59           C  
ATOM     87  CD  ARG A  12       8.517  -2.285   3.101  1.00  0.61           C  
ATOM     88  NE  ARG A  12       7.715  -2.189   1.885  1.00  0.60           N  
ATOM     89  NH1 ARG A  12       9.502  -2.434   0.440  1.00  0.52           N  
ATOM     90  NH2 ARG A  12       7.381  -2.163  -0.387  1.00  0.47           N  
ATOM     91  CZ  ARG A  12       8.201  -2.262   0.649  1.00  0.62           C  
ATOM     92  N   ALA A  13       6.118  -5.338   6.490  1.00  0.58           N  
ATOM     93  CA  ALA A  13       5.833  -6.737   6.185  1.00  0.59           C  
ATOM     94  C   ALA A  13       6.754  -7.258   5.085  1.00  0.58           C  
ATOM     95  CB  ALA A  13       4.372  -6.904   5.774  1.00  0.55           C  
ATOM     96  O   ALA A  13       7.233  -6.486   4.251  1.00  0.56           O  
ATOM     97  N   PRO A  14       7.406  -8.443   5.327  1.00  0.60           N  
ATOM     98  CA  PRO A  14       8.232  -9.010   4.259  1.00  0.60           C  
ATOM     99  C   PRO A  14       7.563  -8.925   2.888  1.00  0.59           C  
ATOM    100  CB  PRO A  14       8.413 -10.468   4.688  1.00  0.57           C  
ATOM    101  O   PRO A  14       6.333  -8.902   2.798  1.00  0.57           O  
ATOM    102  CG  PRO A  14       7.433 -10.663   5.800  1.00  0.57           C  
ATOM    103  CD  PRO A  14       6.861  -9.325   6.172  1.00  0.59           C  
ATOM    104  N   ARG A  15       8.291  -8.461   1.672  1.00  0.61           N  
ATOM    105  CA  ARG A  15       7.836  -8.538   0.288  1.00  0.63           C  
ATOM    106  C   ARG A  15       7.177  -9.883   0.002  1.00  0.60           C  
ATOM    107  CB  ARG A  15       9.002  -8.311  -0.676  1.00  0.60           C  
ATOM    108  O   ARG A  15       7.547 -10.900   0.592  1.00  0.60           O  
ATOM    109  CG  ARG A  15       8.574  -8.059  -2.113  1.00  0.59           C  
ATOM    110  CD  ARG A  15       9.751  -7.654  -2.990  1.00  0.61           C  
ATOM    111  NE  ARG A  15       9.319  -7.279  -4.333  1.00  0.60           N  
ATOM    112  NH1 ARG A  15      11.351  -7.729  -5.336  1.00  0.52           N  
ATOM    113  NH2 ARG A  15       9.593  -6.959  -6.591  1.00  0.47           N  
ATOM    114  CZ  ARG A  15      10.089  -7.323  -5.417  1.00  0.61           C  
ATOM    115  N   GLY A  16       5.941  -9.966  -0.575  1.00  0.56           N  
ATOM    116  CA  GLY A  16       5.387 -11.244  -0.993  1.00  0.56           C  
ATOM    117  C   GLY A  16       6.302 -12.014  -1.926  1.00  0.56           C  
ATOM    118  O   GLY A  16       7.180 -11.430  -2.565  1.00  0.55           O  
ATOM    119  N   ARG A  17       6.635 -13.382  -1.601  1.00  0.62           N  
ATOM    120  CA  ARG A  17       7.458 -14.237  -2.450  1.00  0.65           C  
ATOM    121  C   ARG A  17       7.198 -13.957  -3.926  1.00  0.61           C  
ATOM    122  CB  ARG A  17       7.194 -15.713  -2.142  1.00  0.60           C  
ATOM    123  O   ARG A  17       6.107 -13.521  -4.298  1.00  0.59           O  
ATOM    124  CG  ARG A  17       8.456 -16.529  -1.911  1.00  0.60           C  
ATOM    125  CD  ARG A  17       8.136 -17.977  -1.566  1.00  0.62           C  
ATOM    126  NE  ARG A  17       9.314 -18.687  -1.076  1.00  0.58           N  
ATOM    127  NH1 ARG A  17       9.500 -20.073  -2.915  1.00  0.47           N  
ATOM    128  NH2 ARG A  17      10.999 -20.244  -1.190  1.00  0.43           N  
ATOM    129  CZ  ARG A  17       9.935 -19.666  -1.728  1.00  0.61           C  
ATOM    130  N   GLY A  18       8.160 -13.686  -4.730  1.00  0.53           N  
ATOM    131  CA  GLY A  18       8.170 -13.682  -6.184  1.00  0.53           C  
ATOM    132  C   GLY A  18       7.437 -14.864  -6.789  1.00  0.53           C  
ATOM    133  O   GLY A  18       7.333 -15.922  -6.165  1.00  0.53           O  
ATOM    134  N   GLY A  19       6.643 -14.670  -7.699  1.00  0.52           N  
ATOM    135  CA  GLY A  19       5.943 -15.729  -8.409  1.00  0.53           C  
ATOM    136  C   GLY A  19       6.876 -16.765  -9.006  1.00  0.53           C  
ATOM    137  O   GLY A  19       8.060 -16.494  -9.218  1.00  0.52           O  
ATOM    138  N   ARG A  20       6.761 -18.111  -8.811  1.00  0.52           N  
ATOM    139  CA  ARG A  20       7.546 -19.176  -9.426  1.00  0.54           C  
ATOM    140  C   ARG A  20       7.847 -18.861 -10.888  1.00  0.52           C  
ATOM    141  CB  ARG A  20       6.813 -20.515  -9.318  1.00  0.51           C  
ATOM    142  O   ARG A  20       7.086 -18.146 -11.543  1.00  0.51           O  
ATOM    143  CG  ARG A  20       6.720 -21.054  -7.900  1.00  0.52           C  
ATOM    144  CD  ARG A  20       5.904 -22.337  -7.836  1.00  0.55           C  
ATOM    145  NE  ARG A  20       5.902 -22.910  -6.493  1.00  0.53           N  
ATOM    146  NH1 ARG A  20       6.824 -24.930  -7.130  1.00  0.43           N  
ATOM    147  NH2 ARG A  20       6.293 -24.549  -4.933  1.00  0.39           N  
ATOM    148  CZ  ARG A  20       6.340 -24.128  -6.188  1.00  0.56           C  
ATOM    149  N   ALA A  21       9.263 -18.988 -11.362  1.00  0.52           N  
ATOM    150  CA  ALA A  21       9.716 -19.011 -12.750  1.00  0.51           C  
ATOM    151  C   ALA A  21       8.890 -19.988 -13.581  1.00  0.51           C  
ATOM    152  CB  ALA A  21      11.197 -19.376 -12.821  1.00  0.50           C  
ATOM    153  O   ALA A  21       8.450 -21.024 -13.077  1.00  0.50           O  
ATOM    154  N   GLY A  22       8.272 -19.635 -14.659  1.00  0.47           N  
ATOM    155  CA  GLY A  22       7.506 -20.287 -15.709  1.00  0.47           C  
ATOM    156  C   GLY A  22       8.140 -21.576 -16.196  1.00  0.47           C  
ATOM    157  O   GLY A  22       9.359 -21.741 -16.122  1.00  0.47           O  
ATOM    158  N   GLY A  23       7.495 -22.733 -16.221  1.00  0.50           N  
ATOM    159  CA  GLY A  23       7.955 -23.958 -16.854  1.00  0.49           C  
ATOM    160  C   GLY A  23       8.347 -23.768 -18.307  1.00  0.50           C  
ATOM    161  O   GLY A  23       8.010 -22.752 -18.918  1.00  0.48           O  
ATOM    162  N   ARG A  24       9.487 -24.545 -18.749  1.00  0.49           N  
ATOM    163  CA  ARG A  24       9.965 -24.668 -20.122  1.00  0.51           C  
ATOM    164  C   ARG A  24       8.800 -24.765 -21.102  1.00  0.49           C  
ATOM    165  CB  ARG A  24      10.874 -25.890 -20.268  1.00  0.47           C  
ATOM    166  O   ARG A  24       7.730 -25.268 -20.754  1.00  0.48           O  
ATOM    167  CG  ARG A  24      11.669 -25.916 -21.564  1.00  0.47           C  
ATOM    168  CD  ARG A  24      12.699 -27.037 -21.571  1.00  0.52           C  
ATOM    169  NE  ARG A  24      13.619 -26.917 -22.699  1.00  0.46           N  
ATOM    170  NH1 ARG A  24      13.360 -29.100 -23.410  1.00  0.34           N  
ATOM    171  NH2 ARG A  24      14.762 -27.680 -24.539  1.00  0.30           N  
ATOM    172  CZ  ARG A  24      13.912 -27.899 -23.547  1.00  0.47           C  
ATOM    173  N   GLY A  25       8.812 -23.977 -22.243  1.00  0.41           N  
ATOM    174  CA  GLY A  25       7.969 -23.580 -23.360  1.00  0.41           C  
ATOM    175  C   GLY A  25       7.532 -24.748 -24.223  1.00  0.42           C  
ATOM    176  O   GLY A  25       8.293 -25.698 -24.423  1.00  0.41           O  
ATOM    177  N   ALA A  26       5.989 -24.837 -24.752  1.00  0.47           N  
ATOM    178  CA  ALA A  26       5.364 -25.430 -25.932  1.00  0.48           C  
ATOM    179  C   ALA A  26       5.075 -24.369 -26.990  1.00  0.47           C  
ATOM    180  CB  ALA A  26       4.078 -26.155 -25.545  1.00  0.45           C  
ATOM    181  O   ALA A  26       4.911 -23.190 -26.668  1.00  0.45           O  
ATOM    182  N   GLY A  27       5.017 -24.339 -28.531  1.00  0.53           N  
ATOM    183  CA  GLY A  27       4.850 -23.845 -29.889  1.00  0.53           C  
ATOM    184  C   GLY A  27       3.852 -22.707 -29.991  1.00  0.53           C  
ATOM    185  O   GLY A  27       2.954 -22.585 -29.155  1.00  0.50           O  
ATOM    186  N   GLY A  28       3.795 -21.038 -31.127  1.00  0.43           N  
ATOM    187  CA  GLY A  28       3.464 -19.623 -31.156  1.00  0.46           C  
ATOM    188  C   GLY A  28       2.010 -19.357 -31.498  1.00  0.44           C  
ATOM    189  O   GLY A  28       1.419 -20.068 -32.313  1.00  0.43           O  
ATOM    190  N   PRO A  29       0.953 -18.129 -30.658  1.00  0.48           N  
ATOM    191  CA  PRO A  29       0.059 -16.974 -30.768  1.00  0.49           C  
ATOM    192  C   PRO A  29       0.334 -15.912 -29.707  1.00  0.47           C  
ATOM    193  CB  PRO A  29      -1.332 -17.586 -30.581  1.00  0.43           C  
ATOM    194  O   PRO A  29       0.909 -16.216 -28.658  1.00  0.45           O  
ATOM    195  CG  PRO A  29      -1.075 -18.989 -30.135  1.00  0.42           C  
ATOM    196  CD  PRO A  29       0.401 -19.252 -30.214  1.00  0.44           C  
ATOM    197  N   ARG A  30      -0.222 -14.280 -30.250  1.00  0.48           N  
ATOM    198  CA  ARG A  30      -0.020 -13.063 -29.471  1.00  0.49           C  
ATOM    199  C   ARG A  30      -0.187 -13.333 -27.979  1.00  0.48           C  
ATOM    200  CB  ARG A  30      -0.995 -11.971 -29.918  1.00  0.46           C  
ATOM    201  O   ARG A  30      -0.977 -14.194 -27.584  1.00  0.47           O  
ATOM    202  CG  ARG A  30      -0.661 -10.589 -29.379  1.00  0.47           C  
ATOM    203  CD  ARG A  30      -1.588  -9.523 -29.947  1.00  0.49           C  
ATOM    204  NE  ARG A  30      -0.994  -8.192 -29.862  1.00  0.48           N  
ATOM    205  NH1 ARG A  30      -2.875  -7.183 -28.978  1.00  0.37           N  
ATOM    206  NH2 ARG A  30      -0.984  -5.948 -29.372  1.00  0.32           N  
ATOM    207  CZ  ARG A  30      -1.619  -7.111 -29.404  1.00  0.49           C  
TER     208      ARG A  30                                                       
ATOM    208  N   ASP B 568      -8.755  24.644  28.119  1.00  0.46           N  
ATOM    209  CA  ASP B 568      -8.249  24.917  26.777  1.00  0.52           C  
ATOM    210  C   ASP B 568      -8.406  23.697  25.872  1.00  0.48           C  
ATOM    211  CB  ASP B 568      -6.781  25.345  26.834  1.00  0.44           C  
ATOM    212  O   ASP B 568      -8.049  22.582  26.258  1.00  0.46           O  
ATOM    213  CG  ASP B 568      -6.606  26.849  26.942  1.00  0.45           C  
ATOM    214  OD1 ASP B 568      -7.614  27.586  26.889  1.00  0.43           O  
ATOM    215  OD2 ASP B 568      -5.449  27.302  27.077  1.00  0.48           O  
ATOM    216  N   ARG B 569      -9.545  23.495  25.010  1.00  0.50           N  
ATOM    217  CA  ARG B 569      -9.816  22.335  24.167  1.00  0.53           C  
ATOM    218  C   ARG B 569      -8.519  21.695  23.683  1.00  0.49           C  
ATOM    219  CB  ARG B 569     -10.683  22.731  22.970  1.00  0.48           C  
ATOM    220  O   ARG B 569      -7.512  22.383  23.498  1.00  0.48           O  
ATOM    221  CG  ARG B 569     -12.149  22.942  23.315  1.00  0.47           C  
ATOM    222  CD  ARG B 569     -12.994  23.173  22.070  1.00  0.51           C  
ATOM    223  NE  ARG B 569     -14.367  23.533  22.410  1.00  0.46           N  
ATOM    224  NH1 ARG B 569     -15.198  23.212  20.278  1.00  0.35           N  
ATOM    225  NH2 ARG B 569     -16.593  23.886  21.967  1.00  0.31           N  
ATOM    226  CZ  ARG B 569     -15.383  23.543  21.551  1.00  0.49           C  
ATOM    227  N   GLY B 570      -8.372  20.277  23.825  1.00  0.50           N  
ATOM    228  CA  GLY B 570      -7.207  19.583  23.300  1.00  0.51           C  
ATOM    229  C   GLY B 570      -7.026  19.766  21.805  1.00  0.50           C  
ATOM    230  O   GLY B 570      -7.979  20.095  21.095  1.00  0.49           O  
ATOM    231  N   ARG B 571      -5.813  20.116  21.284  1.00  0.52           N  
ATOM    232  CA  ARG B 571      -5.512  20.215  19.860  1.00  0.54           C  
ATOM    233  C   ARG B 571      -6.200  19.103  19.075  1.00  0.52           C  
ATOM    234  CB  ARG B 571      -4.001  20.164  19.624  1.00  0.51           C  
ATOM    235  O   ARG B 571      -6.479  18.033  19.620  1.00  0.52           O  
ATOM    236  CG  ARG B 571      -3.582  20.562  18.218  1.00  0.51           C  
ATOM    237  CD  ARG B 571      -2.068  20.627  18.077  1.00  0.54           C  
ATOM    238  NE  ARG B 571      -1.670  21.217  16.802  1.00  0.51           N  
ATOM    239  NH1 ARG B 571       0.114  19.789  16.463  1.00  0.42           N  
ATOM    240  NH2 ARG B 571      -0.369  21.413  14.919  1.00  0.39           N  
ATOM    241  CZ  ARG B 571      -0.642  20.805  16.064  1.00  0.55           C  
ATOM    242  N   ALA B 572      -6.894  19.377  17.847  1.00  0.53           N  
ATOM    243  CA  ALA B 572      -7.412  18.415  16.878  1.00  0.53           C  
ATOM    244  C   ALA B 572      -6.333  17.419  16.464  1.00  0.53           C  
ATOM    245  CB  ALA B 572      -7.962  19.139  15.651  1.00  0.51           C  
ATOM    246  O   ALA B 572      -5.142  17.738  16.488  1.00  0.52           O  
ATOM    247  N   PRO B 573      -6.588  15.981  16.360  1.00  0.52           N  
ATOM    248  CA  PRO B 573      -5.629  15.017  15.816  1.00  0.53           C  
ATOM    249  C   PRO B 573      -4.989  15.493  14.514  1.00  0.53           C  
ATOM    250  CB  PRO B 573      -6.481  13.767  15.580  1.00  0.50           C  
ATOM    251  O   PRO B 573      -5.561  16.328  13.809  1.00  0.53           O  
ATOM    252  CG  PRO B 573      -7.892  14.229  15.751  1.00  0.51           C  
ATOM    253  CD  PRO B 573      -7.873  15.632  16.285  1.00  0.53           C  
ATOM    254  N   PRO B 574      -3.608  15.345  14.287  1.00  0.52           N  
ATOM    255  CA  PRO B 574      -3.104  15.611  12.938  1.00  0.53           C  
ATOM    256  C   PRO B 574      -3.914  14.902  11.855  1.00  0.52           C  
ATOM    257  CB  PRO B 574      -1.670  15.077  12.985  1.00  0.50           C  
ATOM    258  O   PRO B 574      -4.586  13.906  12.135  1.00  0.52           O  
ATOM    259  CG  PRO B 574      -1.551  14.421  14.323  1.00  0.51           C  
ATOM    260  CD  PRO B 574      -2.828  14.646  15.080  1.00  0.52           C  
ATOM    261  N   ALA B 575      -4.225  15.465  10.717  1.00  0.52           N  
ATOM    262  CA  ALA B 575      -4.869  14.919   9.525  1.00  0.52           C  
ATOM    263  C   ALA B 575      -4.248  13.582   9.130  1.00  0.52           C  
ATOM    264  CB  ALA B 575      -4.773  15.910   8.367  1.00  0.50           C  
ATOM    265  O   ALA B 575      -3.062  13.346   9.372  1.00  0.51           O  
ATOM    266  N   ARG B 576      -5.051  12.381   8.806  1.00  0.56           N  
ATOM    267  CA  ARG B 576      -4.594  11.128   8.214  1.00  0.58           C  
ATOM    268  C   ARG B 576      -3.449  11.371   7.236  1.00  0.57           C  
ATOM    269  CB  ARG B 576      -5.747  10.416   7.504  1.00  0.55           C  
ATOM    270  O   ARG B 576      -3.391  12.418   6.587  1.00  0.58           O  
ATOM    271  CG  ARG B 576      -5.438   8.979   7.115  1.00  0.55           C  
ATOM    272  CD  ARG B 576      -6.627   8.308   6.442  1.00  0.57           C  
ATOM    273  NE  ARG B 576      -6.872   6.975   6.984  1.00  0.56           N  
ATOM    274  NH1 ARG B 576      -7.203   5.974   4.928  1.00  0.49           N  
ATOM    275  NH2 ARG B 576      -7.346   4.731   6.849  1.00  0.44           N  
ATOM    276  CZ  ARG B 576      -7.140   5.896   6.252  1.00  0.58           C  
ATOM    277  N   GLY B 577      -2.251  10.620   7.366  1.00  0.50           N  
ATOM    278  CA  GLY B 577      -1.301  10.719   6.269  1.00  0.50           C  
ATOM    279  C   GLY B 577      -1.883  10.289   4.936  1.00  0.50           C  
ATOM    280  O   GLY B 577      -2.948   9.670   4.888  1.00  0.49           O  
ATOM    281  N   PRO B 578      -1.454  10.981   3.811  1.00  0.52           N  
ATOM    282  CA  PRO B 578      -1.898  10.595   2.469  1.00  0.52           C  
ATOM    283  C   PRO B 578      -1.786   9.093   2.220  1.00  0.51           C  
ATOM    284  CB  PRO B 578      -0.956  11.374   1.548  1.00  0.48           C  
ATOM    285  O   PRO B 578      -0.943   8.424   2.825  1.00  0.49           O  
ATOM    286  CG  PRO B 578       0.165  11.815   2.433  1.00  0.47           C  
ATOM    287  CD  PRO B 578      -0.244  11.603   3.862  1.00  0.48           C  
ATOM    288  N   ARG B 579      -2.848   8.376   1.521  1.00  0.55           N  
ATOM    289  CA  ARG B 579      -2.812   7.001   1.035  1.00  0.57           C  
ATOM    290  C   ARG B 579      -1.469   6.683   0.388  1.00  0.55           C  
ATOM    291  CB  ARG B 579      -3.947   6.753   0.039  1.00  0.54           C  
ATOM    292  O   ARG B 579      -0.837   7.559  -0.206  1.00  0.55           O  
ATOM    293  CG  ARG B 579      -4.146   5.288  -0.316  1.00  0.54           C  
ATOM    294  CD  ARG B 579      -5.343   5.088  -1.234  1.00  0.56           C  
ATOM    295  NE  ARG B 579      -5.647   3.672  -1.424  1.00  0.56           N  
ATOM    296  NH1 ARG B 579      -6.184   3.874  -3.661  1.00  0.49           N  
ATOM    297  NH2 ARG B 579      -6.288   1.828  -2.633  1.00  0.44           N  
ATOM    298  CZ  ARG B 579      -6.039   3.128  -2.572  1.00  0.58           C  
ATOM    299  N   ALA B 580      -0.636   5.614   0.670  1.00  0.53           N  
ATOM    300  CA  ALA B 580       0.515   5.170  -0.111  1.00  0.54           C  
ATOM    301  C   ALA B 580       0.178   5.106  -1.598  1.00  0.53           C  
ATOM    302  CB  ALA B 580       0.998   3.808   0.381  1.00  0.51           C  
ATOM    303  O   ALA B 580      -0.973   4.868  -1.970  1.00  0.52           O  
ATOM    304  N   PRO B 581       1.081   5.893  -2.502  1.00  0.55           N  
ATOM    305  CA  PRO B 581       0.815   5.753  -3.936  1.00  0.55           C  
ATOM    306  C   PRO B 581       0.445   4.325  -4.330  1.00  0.55           C  
ATOM    307  CB  PRO B 581       2.138   6.173  -4.582  1.00  0.53           C  
ATOM    308  O   PRO B 581       0.841   3.372  -3.655  1.00  0.54           O  
ATOM    309  CG  PRO B 581       3.105   6.266  -3.446  1.00  0.53           C  
ATOM    310  CD  PRO B 581       2.343   6.137  -2.158  1.00  0.54           C  
ATOM    311  N   ARG B 582      -0.674   4.153  -5.278  1.00  0.56           N  
ATOM    312  CA  ARG B 582      -0.964   2.871  -5.911  1.00  0.58           C  
ATOM    313  C   ARG B 582       0.321   2.158  -6.319  1.00  0.56           C  
ATOM    314  CB  ARG B 582      -1.865   3.067  -7.133  1.00  0.55           C  
ATOM    315  O   ARG B 582       1.322   2.804  -6.635  1.00  0.56           O  
ATOM    316  CG  ARG B 582      -2.455   1.776  -7.677  1.00  0.56           C  
ATOM    317  CD  ARG B 582      -3.470   2.040  -8.780  1.00  0.58           C  
ATOM    318  NE  ARG B 582      -4.129   0.811  -9.212  1.00  0.57           N  
ATOM    319  NH1 ARG B 582      -4.758   1.629 -11.279  1.00  0.50           N  
ATOM    320  NH2 ARG B 582      -5.295  -0.517 -10.679  1.00  0.45           N  
ATOM    321  CZ  ARG B 582      -4.726   0.644 -10.389  1.00  0.59           C  
ATOM    322  N   GLY B 583       0.569   0.865  -5.881  1.00  0.53           N  
ATOM    323  CA  GLY B 583       1.694   0.118  -6.419  1.00  0.53           C  
ATOM    324  C   GLY B 583       1.692   0.045  -7.934  1.00  0.53           C  
ATOM    325  O   GLY B 583       0.643   0.186  -8.566  1.00  0.52           O  
ATOM    326  N   ARG B 584       2.944   0.574  -8.627  1.00  0.57           N  
ATOM    327  CA  ARG B 584       3.104   0.540 -10.077  1.00  0.59           C  
ATOM    328  C   ARG B 584       2.361  -0.647 -10.682  1.00  0.56           C  
ATOM    329  CB  ARG B 584       4.585   0.478 -10.454  1.00  0.56           C  
ATOM    330  O   ARG B 584       2.153  -1.662 -10.014  1.00  0.55           O  
ATOM    331  CG  ARG B 584       4.867   0.826 -11.907  1.00  0.57           C  
ATOM    332  CD  ARG B 584       6.360   0.852 -12.202  1.00  0.59           C  
ATOM    333  NE  ARG B 584       6.645   1.488 -13.485  1.00  0.56           N  
ATOM    334  NH1 ARG B 584       7.448  -0.431 -14.491  1.00  0.47           N  
ATOM    335  NH2 ARG B 584       7.375   1.539 -15.662  1.00  0.43           N  
ATOM    336  CZ  ARG B 584       7.156   0.864 -14.543  1.00  0.60           C  
ATOM    337  N   GLY B 585       1.504  -0.416 -11.592  1.00  0.51           N  
ATOM    338  CA  GLY B 585       0.899  -1.341 -12.537  1.00  0.51           C  
ATOM    339  C   GLY B 585       1.851  -2.427 -13.001  1.00  0.51           C  
ATOM    340  O   GLY B 585       3.068  -2.235 -13.001  1.00  0.50           O  
ATOM    341  N   GLY B 586       1.528  -3.569 -13.011  1.00  0.53           N  
ATOM    342  CA  GLY B 586       2.319  -4.679 -13.518  1.00  0.53           C  
ATOM    343  C   GLY B 586       2.827  -4.453 -14.930  1.00  0.53           C  
ATOM    344  O   GLY B 586       2.249  -3.669 -15.685  1.00  0.53           O  
ATOM    345  N   ARG B 587       4.128  -4.551 -15.280  1.00  0.54           N  
ATOM    346  CA  ARG B 587       4.694  -4.434 -16.620  1.00  0.55           C  
ATOM    347  C   ARG B 587       3.816  -5.139 -17.648  1.00  0.53           C  
ATOM    348  CB  ARG B 587       6.111  -5.010 -16.657  1.00  0.52           C  
ATOM    349  O   ARG B 587       3.114  -6.098 -17.320  1.00  0.52           O  
ATOM    350  CG  ARG B 587       6.788  -4.893 -18.014  1.00  0.54           C  
ATOM    351  CD  ARG B 587       8.235  -5.362 -17.964  1.00  0.56           C  
ATOM    352  NE  ARG B 587       8.866  -5.302 -19.279  1.00  0.55           N  
ATOM    353  NH1 ARG B 587       9.632  -7.481 -19.239  1.00  0.47           N  
ATOM    354  NH2 ARG B 587      10.052  -6.147 -21.055  1.00  0.42           N  
ATOM    355  CZ  ARG B 587       9.516  -6.311 -19.855  1.00  0.57           C  
ATOM    356  N   ALA B 588       3.321  -4.336 -18.805  1.00  0.52           N  
ATOM    357  CA  ALA B 588       2.779  -4.899 -20.039  1.00  0.52           C  
ATOM    358  C   ALA B 588       3.621  -6.078 -20.520  1.00  0.51           C  
ATOM    359  CB  ALA B 588       2.701  -3.828 -21.124  1.00  0.51           C  
ATOM    360  O   ALA B 588       4.837  -6.102 -20.320  1.00  0.50           O  
ATOM    361  N   GLY B 589       3.117  -7.207 -20.830  1.00  0.49           N  
ATOM    362  CA  GLY B 589       3.654  -8.428 -21.409  1.00  0.50           C  
ATOM    363  C   GLY B 589       4.550  -8.177 -22.608  1.00  0.49           C  
ATOM    364  O   GLY B 589       4.398  -7.170 -23.302  1.00  0.49           O  
ATOM    365  N   GLY B 590       5.815  -8.644 -22.713  1.00  0.50           N  
ATOM    366  CA  GLY B 590       6.660  -8.592 -23.895  1.00  0.50           C  
ATOM    367  C   GLY B 590       5.978  -9.124 -25.141  1.00  0.50           C  
ATOM    368  O   GLY B 590       4.978  -9.840 -25.050  1.00  0.48           O  
ATOM    369  N   ARG B 591       6.222  -8.249 -26.318  1.00  0.49           N  
ATOM    370  CA  ARG B 591       5.890  -8.739 -27.652  1.00  0.50           C  
ATOM    371  C   ARG B 591       6.263 -10.210 -27.804  1.00  0.49           C  
ATOM    372  CB  ARG B 591       6.598  -7.906 -28.723  1.00  0.47           C  
ATOM    373  O   ARG B 591       7.201 -10.687 -27.163  1.00  0.47           O  
ATOM    374  CG  ARG B 591       6.110  -8.176 -30.137  1.00  0.48           C  
ATOM    375  CD  ARG B 591       6.714  -7.202 -31.138  1.00  0.51           C  
ATOM    376  NE  ARG B 591       6.008  -7.235 -32.416  1.00  0.48           N  
ATOM    377  NH1 ARG B 591       7.890  -7.675 -33.680  1.00  0.37           N  
ATOM    378  NH2 ARG B 591       5.845  -7.467 -34.695  1.00  0.32           N  
ATOM    379  CZ  ARG B 591       6.583  -7.459 -33.594  1.00  0.49           C  
ATOM    380  N   GLY B 592       5.369 -11.102 -28.179  1.00  0.43           N  
ATOM    381  CA  GLY B 592       5.471 -12.536 -28.404  1.00  0.43           C  
ATOM    382  C   GLY B 592       6.505 -12.904 -29.450  1.00  0.43           C  
ATOM    383  O   GLY B 592       6.700 -12.172 -30.423  1.00  0.42           O  
ATOM    384  N   ALA B 593       7.769 -13.754 -29.164  1.00  0.46           N  
ATOM    385  CA  ALA B 593       8.596 -14.503 -30.107  1.00  0.47           C  
ATOM    386  C   ALA B 593       7.805 -15.639 -30.749  1.00  0.46           C  
ATOM    387  CB  ALA B 593       9.837 -15.052 -29.407  1.00  0.44           C  
ATOM    388  O   ALA B 593       6.841 -16.140 -30.165  1.00  0.45           O  
ATOM    389  N   GLY B 594       7.887 -15.797 -32.053  1.00  0.47           N  
ATOM    390  CA  GLY B 594       7.647 -16.860 -33.016  1.00  0.48           C  
ATOM    391  C   GLY B 594       7.644 -18.242 -32.391  1.00  0.47           C  
ATOM    392  O   GLY B 594       8.168 -18.433 -31.291  1.00  0.45           O  
ATOM    393  N   GLY B 595       6.561 -19.164 -32.247  1.00  0.41           N  
ATOM    394  CA  GLY B 595       6.322 -20.590 -32.095  1.00  0.45           C  
ATOM    395  C   GLY B 595       6.283 -21.037 -30.646  1.00  0.41           C  
ATOM    396  O   GLY B 595       6.755 -20.324 -29.758  1.00  0.41           O  
ATOM    397  N   PRO B 596       5.088 -22.142 -30.063  1.00  0.44           N  
ATOM    398  CA  PRO B 596       4.226 -22.898 -29.151  1.00  0.45           C  
ATOM    399  C   PRO B 596       3.681 -22.042 -28.010  1.00  0.43           C  
ATOM    400  CB  PRO B 596       5.152 -23.993 -28.617  1.00  0.39           C  
ATOM    401  O   PRO B 596       4.314 -21.060 -27.613  1.00  0.41           O  
ATOM    402  CG  PRO B 596       6.513 -23.614 -29.104  1.00  0.37           C  
ATOM    403  CD  PRO B 596       6.381 -22.422 -30.008  1.00  0.39           C  
ATOM    404  N   ARG B 597       2.125 -22.379 -27.628  1.00  0.47           N  
ATOM    405  CA  ARG B 597       1.331 -21.745 -26.580  1.00  0.48           C  
ATOM    406  C   ARG B 597       2.111 -21.671 -25.271  1.00  0.47           C  
ATOM    407  CB  ARG B 597       0.020 -22.504 -26.366  1.00  0.45           C  
ATOM    408  O   ARG B 597       2.878 -22.580 -24.947  1.00  0.46           O  
ATOM    409  CG  ARG B 597      -0.988 -21.761 -25.504  1.00  0.45           C  
ATOM    410  CD  ARG B 597      -2.323 -22.491 -25.440  1.00  0.49           C  
ATOM    411  NE  ARG B 597      -3.381 -21.635 -24.912  1.00  0.47           N  
ATOM    412  NH1 ARG B 597      -4.327 -23.272 -23.585  1.00  0.36           N  
ATOM    413  NH2 ARG B 597      -5.226 -21.163 -23.629  1.00  0.32           N  
ATOM    414  CZ  ARG B 597      -4.309 -22.025 -24.043  1.00  0.46           C  
TER     415      ARG B 597                                                       
ATOM    415  N   ASP C1135      -6.241  11.973  39.709  1.00  0.50           N  
ATOM    416  CA  ASP C1135      -6.964  10.801  39.223  1.00  0.54           C  
ATOM    417  C   ASP C1135      -6.424  10.344  37.870  1.00  0.51           C  
ATOM    418  CB  ASP C1135      -8.461  11.100  39.118  1.00  0.47           C  
ATOM    419  O   ASP C1135      -6.264  11.153  36.954  1.00  0.49           O  
ATOM    420  CG  ASP C1135      -9.208  10.851  40.416  1.00  0.47           C  
ATOM    421  OD1 ASP C1135      -8.598  10.345  41.383  1.00  0.46           O  
ATOM    422  OD2 ASP C1135     -10.418  11.160  40.472  1.00  0.50           O  
ATOM    423  N   ARG C1136      -5.333   9.331  37.708  1.00  0.53           N  
ATOM    424  CA  ARG C1136      -4.807   8.842  36.438  1.00  0.56           C  
ATOM    425  C   ARG C1136      -5.879   8.872  35.354  1.00  0.53           C  
ATOM    426  CB  ARG C1136      -4.258   7.422  36.593  1.00  0.51           C  
ATOM    427  O   ARG C1136      -7.062   8.673  35.638  1.00  0.53           O  
ATOM    428  CG  ARG C1136      -2.924   7.354  37.319  1.00  0.50           C  
ATOM    429  CD  ARG C1136      -2.347   5.945  37.307  1.00  0.54           C  
ATOM    430  NE  ARG C1136      -1.161   5.841  38.152  1.00  0.47           N  
ATOM    431  NH1 ARG C1136      -0.422   3.858  37.227  1.00  0.37           N  
ATOM    432  NH2 ARG C1136       0.770   4.857  38.911  1.00  0.33           N  
ATOM    433  CZ  ARG C1136      -0.274   4.852  38.095  1.00  0.49           C  
ATOM    434  N   GLY C1137      -5.653   9.513  34.130  1.00  0.50           N  
ATOM    435  CA  GLY C1137      -6.596   9.456  33.024  1.00  0.51           C  
ATOM    436  C   GLY C1137      -6.844   8.045  32.525  1.00  0.51           C  
ATOM    437  O   GLY C1137      -6.062   7.134  32.806  1.00  0.50           O  
ATOM    438  N   ARG C1138      -8.133   7.634  32.270  1.00  0.51           N  
ATOM    439  CA  ARG C1138      -8.465   6.343  31.676  1.00  0.53           C  
ATOM    440  C   ARG C1138      -7.430   5.939  30.632  1.00  0.51           C  
ATOM    441  CB  ARG C1138      -9.858   6.384  31.044  1.00  0.50           C  
ATOM    442  O   ARG C1138      -6.786   6.796  30.023  1.00  0.51           O  
ATOM    443  CG  ARG C1138     -10.390   5.019  30.637  1.00  0.50           C  
ATOM    444  CD  ARG C1138     -11.825   5.100  30.135  1.00  0.53           C  
ATOM    445  NE  ARG C1138     -12.411   3.774  29.964  1.00  0.50           N  
ATOM    446  NH1 ARG C1138     -13.753   4.371  28.180  1.00  0.40           N  
ATOM    447  NH2 ARG C1138     -13.781   2.220  28.971  1.00  0.37           N  
ATOM    448  CZ  ARG C1138     -13.313   3.458  29.039  1.00  0.53           C  
ATOM    449  N   ALA C1139      -6.900   4.569  30.588  1.00  0.54           N  
ATOM    450  CA  ALA C1139      -6.110   4.007  29.496  1.00  0.55           C  
ATOM    451  C   ALA C1139      -6.772   4.272  28.147  1.00  0.54           C  
ATOM    452  CB  ALA C1139      -5.910   2.507  29.701  1.00  0.53           C  
ATOM    453  O   ALA C1139      -7.998   4.379  28.060  1.00  0.54           O  
ATOM    454  N   PRO C1140      -6.088   4.794  27.045  1.00  0.51           N  
ATOM    455  CA  PRO C1140      -6.678   4.937  25.712  1.00  0.53           C  
ATOM    456  C   PRO C1140      -7.450   3.695  25.272  1.00  0.53           C  
ATOM    457  CB  PRO C1140      -5.462   5.171  24.812  1.00  0.49           C  
ATOM    458  O   PRO C1140      -7.230   2.606  25.806  1.00  0.52           O  
ATOM    459  CG  PRO C1140      -4.282   4.862  25.676  1.00  0.49           C  
ATOM    460  CD  PRO C1140      -4.760   4.677  27.087  1.00  0.52           C  
ATOM    461  N   PRO C1141      -8.606   3.856  24.577  1.00  0.53           N  
ATOM    462  CA  PRO C1141      -9.200   2.654  23.987  1.00  0.53           C  
ATOM    463  C   PRO C1141      -8.188   1.815  23.210  1.00  0.53           C  
ATOM    464  CB  PRO C1141     -10.276   3.215  23.054  1.00  0.51           C  
ATOM    465  O   PRO C1141      -7.160   2.335  22.769  1.00  0.52           O  
ATOM    466  CG  PRO C1141     -10.083   4.696  23.095  1.00  0.51           C  
ATOM    467  CD  PRO C1141      -9.003   5.009  24.090  1.00  0.51           C  
ATOM    468  N   ALA C1142      -8.056   0.446  23.232  1.00  0.55           N  
ATOM    469  CA  ALA C1142      -7.267  -0.532  22.488  1.00  0.55           C  
ATOM    470  C   ALA C1142      -7.237  -0.195  21.000  1.00  0.55           C  
ATOM    471  CB  ALA C1142      -7.825  -1.938  22.700  1.00  0.53           C  
ATOM    472  O   ALA C1142      -8.189   0.379  20.467  1.00  0.54           O  
ATOM    473  N   ARG C1143      -6.014  -0.152  20.227  1.00  0.55           N  
ATOM    474  CA  ARG C1143      -5.883  -0.026  18.779  1.00  0.57           C  
ATOM    475  C   ARG C1143      -7.039  -0.714  18.062  1.00  0.57           C  
ATOM    476  CB  ARG C1143      -4.550  -0.611  18.306  1.00  0.54           C  
ATOM    477  O   ARG C1143      -7.552  -1.731  18.535  1.00  0.57           O  
ATOM    478  CG  ARG C1143      -4.203  -0.268  16.866  1.00  0.55           C  
ATOM    479  CD  ARG C1143      -2.850  -0.836  16.462  1.00  0.57           C  
ATOM    480  NE  ARG C1143      -2.053   0.142  15.727  1.00  0.55           N  
ATOM    481  NH1 ARG C1143      -1.890  -1.129  13.804  1.00  0.49           N  
ATOM    482  NH2 ARG C1143      -0.898   0.935  13.907  1.00  0.43           N  
ATOM    483  CZ  ARG C1143      -1.616  -0.019  14.481  1.00  0.58           C  
ATOM    484  N   GLY C1144      -7.805   0.084  17.095  1.00  0.52           N  
ATOM    485  CA  GLY C1144      -8.747  -0.670  16.284  1.00  0.52           C  
ATOM    486  C   GLY C1144      -8.105  -1.831  15.548  1.00  0.52           C  
ATOM    487  O   GLY C1144      -6.878  -1.942  15.503  1.00  0.51           O  
ATOM    488  N   PRO C1145      -8.896  -2.954  15.300  1.00  0.56           N  
ATOM    489  CA  PRO C1145      -8.404  -4.098  14.528  1.00  0.56           C  
ATOM    490  C   PRO C1145      -7.755  -3.685  13.209  1.00  0.56           C  
ATOM    491  CB  PRO C1145      -9.668  -4.925  14.279  1.00  0.53           C  
ATOM    492  O   PRO C1145      -8.091  -2.636  12.653  1.00  0.53           O  
ATOM    493  CG  PRO C1145     -10.797  -3.964  14.470  1.00  0.51           C  
ATOM    494  CD  PRO C1145     -10.295  -2.789  15.258  1.00  0.52           C  
ATOM    495  N   ARG C1146      -6.535  -4.285  12.703  1.00  0.55           N  
ATOM    496  CA  ARG C1146      -5.906  -4.122  11.396  1.00  0.57           C  
ATOM    497  C   ARG C1146      -6.950  -4.106  10.284  1.00  0.55           C  
ATOM    498  CB  ARG C1146      -4.890  -5.238  11.145  1.00  0.54           C  
ATOM    499  O   ARG C1146      -7.976  -4.781  10.379  1.00  0.56           O  
ATOM    500  CG  ARG C1146      -3.996  -4.997   9.938  1.00  0.53           C  
ATOM    501  CD  ARG C1146      -2.930  -6.075   9.802  1.00  0.56           C  
ATOM    502  NE  ARG C1146      -1.976  -5.759   8.743  1.00  0.56           N  
ATOM    503  NH1 ARG C1146      -1.800  -7.929   7.970  1.00  0.50           N  
ATOM    504  NH2 ARG C1146      -0.601  -6.250   6.970  1.00  0.45           N  
ATOM    505  CZ  ARG C1146      -1.461  -6.647   7.897  1.00  0.59           C  
ATOM    506  N   ALA C1147      -7.005  -3.100   9.240  1.00  0.54           N  
ATOM    507  CA  ALA C1147      -7.858  -3.194   8.058  1.00  0.55           C  
ATOM    508  C   ALA C1147      -7.699  -4.548   7.373  1.00  0.54           C  
ATOM    509  CB  ALA C1147      -7.540  -2.065   7.081  1.00  0.52           C  
ATOM    510  O   ALA C1147      -6.648  -5.184   7.477  1.00  0.54           O  
ATOM    511  N   PRO C1148      -8.882  -5.267   7.006  1.00  0.57           N  
ATOM    512  CA  PRO C1148      -8.734  -6.514   6.253  1.00  0.57           C  
ATOM    513  C   PRO C1148      -7.712  -6.404   5.124  1.00  0.57           C  
ATOM    514  CB  PRO C1148     -10.139  -6.758   5.696  1.00  0.55           C  
ATOM    515  O   PRO C1148      -7.468  -5.309   4.612  1.00  0.55           O  
ATOM    516  CG  PRO C1148     -10.858  -5.462   5.892  1.00  0.55           C  
ATOM    517  CD  PRO C1148     -10.040  -4.596   6.807  1.00  0.56           C  
ATOM    518  N   ARG C1149      -6.729  -7.469   4.861  1.00  0.56           N  
ATOM    519  CA  ARG C1149      -5.851  -7.568   3.700  1.00  0.57           C  
ATOM    520  C   ARG C1149      -6.572  -7.131   2.429  1.00  0.56           C  
ATOM    521  CB  ARG C1149      -5.330  -8.998   3.540  1.00  0.55           C  
ATOM    522  O   ARG C1149      -7.788  -7.298   2.310  1.00  0.56           O  
ATOM    523  CG  ARG C1149      -4.226  -9.139   2.504  1.00  0.55           C  
ATOM    524  CD  ARG C1149      -3.622 -10.536   2.510  1.00  0.57           C  
ATOM    525  NE  ARG C1149      -2.479 -10.633   1.607  1.00  0.56           N  
ATOM    526  NH1 ARG C1149      -2.446 -12.943   1.564  1.00  0.50           N  
ATOM    527  NH2 ARG C1149      -0.907 -11.747   0.357  1.00  0.45           N  
ATOM    528  CZ  ARG C1149      -1.946 -11.774   1.178  1.00  0.58           C  
ATOM    529  N   GLY C1150      -5.963  -6.201   1.493  1.00  0.53           N  
ATOM    530  CA  GLY C1150      -6.591  -5.943   0.207  1.00  0.53           C  
ATOM    531  C   GLY C1150      -6.816  -7.201  -0.610  1.00  0.53           C  
ATOM    532  O   GLY C1150      -6.169  -8.224  -0.376  1.00  0.53           O  
ATOM    533  N   ARG C1151      -8.172  -7.423  -1.228  1.00  0.59           N  
ATOM    534  CA  ARG C1151      -8.401  -8.557  -2.117  1.00  0.61           C  
ATOM    535  C   ARG C1151      -7.182  -8.821  -2.994  1.00  0.59           C  
ATOM    536  CB  ARG C1151      -9.633  -8.314  -2.991  1.00  0.58           C  
ATOM    537  O   ARG C1151      -6.389  -7.914  -3.252  1.00  0.58           O  
ATOM    538  CG  ARG C1151      -9.990  -9.485  -3.893  1.00  0.59           C  
ATOM    539  CD  ARG C1151     -11.257  -9.217  -4.692  1.00  0.60           C  
ATOM    540  NE  ARG C1151     -11.763 -10.432  -5.324  1.00  0.58           N  
ATOM    541  NH1 ARG C1151     -11.154  -9.820  -7.466  1.00  0.53           N  
ATOM    542  NH2 ARG C1151     -12.194 -11.828  -7.096  1.00  0.48           N  
ATOM    543  CZ  ARG C1151     -11.703 -10.691  -6.627  1.00  0.61           C  
ATOM    544  N   GLY C1152      -6.715 -10.089  -3.103  1.00  0.55           N  
ATOM    545  CA  GLY C1152      -5.755 -10.557  -4.089  1.00  0.55           C  
ATOM    546  C   GLY C1152      -6.042 -10.050  -5.490  1.00  0.55           C  
ATOM    547  O   GLY C1152      -7.172  -9.664  -5.796  1.00  0.55           O  
ATOM    548  N   GLY C1153      -5.067  -9.633  -6.361  1.00  0.54           N  
ATOM    549  CA  GLY C1153      -5.308  -9.244  -7.741  1.00  0.54           C  
ATOM    550  C   GLY C1153      -6.083 -10.284  -8.528  1.00  0.55           C  
ATOM    551  O   GLY C1153      -6.159 -11.446  -8.124  1.00  0.55           O  
ATOM    552  N   ARG C1154      -7.108  -9.900  -9.426  1.00  0.59           N  
ATOM    553  CA  ARG C1154      -7.754 -10.857 -10.318  1.00  0.60           C  
ATOM    554  C   ARG C1154      -6.730 -11.795 -10.948  1.00  0.59           C  
ATOM    555  CB  ARG C1154      -8.540 -10.129 -11.411  1.00  0.58           C  
ATOM    556  O   ARG C1154      -5.552 -11.450 -11.062  1.00  0.59           O  
ATOM    557  CG  ARG C1154      -8.037  -8.723 -11.698  1.00  0.59           C  
ATOM    558  CD  ARG C1154      -8.821  -8.063 -12.824  1.00  0.60           C  
ATOM    559  NE  ARG C1154      -8.404  -6.679 -13.032  1.00  0.59           N  
ATOM    560  NH1 ARG C1154     -10.482  -5.769 -12.596  1.00  0.56           N  
ATOM    561  NH2 ARG C1154      -8.718  -4.407 -13.130  1.00  0.49           N  
ATOM    562  CZ  ARG C1154      -9.202  -5.622 -12.919  1.00  0.61           C  
ATOM    563  N   ALA C1155      -6.929 -13.162 -10.984  1.00  0.60           N  
ATOM    564  CA  ALA C1155      -6.190 -14.122 -11.800  1.00  0.59           C  
ATOM    565  C   ALA C1155      -5.864 -13.540 -13.172  1.00  0.59           C  
ATOM    566  CB  ALA C1155      -6.986 -15.417 -11.950  1.00  0.58           C  
ATOM    567  O   ALA C1155      -6.615 -12.715 -13.698  1.00  0.59           O  
ATOM    568  N   GLY C1156      -4.653 -13.713 -13.820  1.00  0.58           N  
ATOM    569  CA  GLY C1156      -4.320 -13.326 -15.182  1.00  0.58           C  
ATOM    570  C   GLY C1156      -5.281 -13.888 -16.213  1.00  0.59           C  
ATOM    571  O   GLY C1156      -5.971 -14.875 -15.954  1.00  0.59           O  
ATOM    572  N   GLY C1157      -5.804 -13.067 -17.258  1.00  0.57           N  
ATOM    573  CA  GLY C1157      -6.624 -13.598 -18.335  1.00  0.58           C  
ATOM    574  C   GLY C1157      -6.089 -14.898 -18.907  1.00  0.58           C  
ATOM    575  O   GLY C1157      -4.944 -15.271 -18.648  1.00  0.57           O  
ATOM    576  N   ARG C1158      -7.031 -15.879 -19.464  1.00  0.64           N  
ATOM    577  CA  ARG C1158      -6.604 -17.020 -20.268  1.00  0.64           C  
ATOM    578  C   ARG C1158      -5.698 -16.576 -21.411  1.00  0.64           C  
ATOM    579  CB  ARG C1158      -7.817 -17.771 -20.822  1.00  0.62           C  
ATOM    580  O   ARG C1158      -5.817 -15.452 -21.904  1.00  0.63           O  
ATOM    581  CG  ARG C1158      -8.763 -18.290 -19.751  1.00  0.62           C  
ATOM    582  CD  ARG C1158      -9.886 -19.126 -20.347  1.00  0.62           C  
ATOM    583  NE  ARG C1158     -10.888 -19.475 -19.344  1.00  0.57           N  
ATOM    584  NH1 ARG C1158     -10.273 -21.698 -19.203  1.00  0.52           N  
ATOM    585  NH2 ARG C1158     -11.993 -20.896 -17.918  1.00  0.47           N  
ATOM    586  CZ  ARG C1158     -11.049 -20.689 -18.824  1.00  0.60           C  
ATOM    587  N   GLY C1159      -4.490 -17.252 -21.616  1.00  0.59           N  
ATOM    588  CA  GLY C1159      -3.676 -16.978 -22.789  1.00  0.59           C  
ATOM    589  C   GLY C1159      -4.434 -17.140 -24.093  1.00  0.59           C  
ATOM    590  O   GLY C1159      -5.469 -17.809 -24.136  1.00  0.59           O  
ATOM    591  N   ALA C1160      -4.456 -16.195 -25.211  1.00  0.63           N  
ATOM    592  CA  ALA C1160      -5.041 -16.341 -26.541  1.00  0.64           C  
ATOM    593  C   ALA C1160      -4.832 -17.753 -27.081  1.00  0.64           C  
ATOM    594  CB  ALA C1160      -4.444 -15.314 -27.500  1.00  0.61           C  
ATOM    595  O   ALA C1160      -3.898 -18.448 -26.674  1.00  0.63           O  
ATOM    596  N   GLY C1161      -5.880 -18.415 -27.871  1.00  0.63           N  
ATOM    597  CA  GLY C1161      -5.746 -19.639 -28.644  1.00  0.63           C  
ATOM    598  C   GLY C1161      -4.588 -19.602 -29.624  1.00  0.63           C  
ATOM    599  O   GLY C1161      -4.156 -18.526 -30.042  1.00  0.63           O  
ATOM    600  N   GLY C1162      -3.825 -20.565 -29.797  1.00  0.62           N  
ATOM    601  CA  GLY C1162      -2.814 -20.669 -30.837  1.00  0.64           C  
ATOM    602  C   GLY C1162      -3.363 -20.429 -32.230  1.00  0.65           C  
ATOM    603  O   GLY C1162      -4.579 -20.438 -32.434  1.00  0.66           O  
ATOM    604  N   PRO C1163      -2.417 -19.826 -33.238  1.00  0.55           N  
ATOM    605  CA  PRO C1163      -2.822 -19.809 -34.646  1.00  0.57           C  
ATOM    606  C   PRO C1163      -3.159 -21.200 -35.179  1.00  0.57           C  
ATOM    607  CB  PRO C1163      -1.596 -19.234 -35.359  1.00  0.52           C  
ATOM    608  O   PRO C1163      -2.713 -22.205 -34.620  1.00  0.55           O  
ATOM    609  CG  PRO C1163      -0.522 -19.219 -34.319  1.00  0.52           C  
ATOM    610  CD  PRO C1163      -1.129 -19.600 -33.000  1.00  0.55           C  
ATOM    611  N   ARG C1164      -4.239 -21.272 -36.014  1.00  0.68           N  
ATOM    612  CA  ARG C1164      -4.598 -22.516 -36.688  1.00  0.70           C  
ATOM    613  C   ARG C1164      -3.410 -23.088 -37.453  1.00  0.66           C  
ATOM    614  CB  ARG C1164      -5.776 -22.292 -37.639  1.00  0.64           C  
ATOM    615  O   ARG C1164      -2.460 -22.366 -37.764  1.00  0.64           O  
ATOM    616  CG  ARG C1164      -7.106 -22.081 -36.933  1.00  0.63           C  
ATOM    617  CD  ARG C1164      -8.255 -21.950 -37.924  1.00  0.63           C  
ATOM    618  NE  ARG C1164      -9.537 -21.789 -37.243  1.00  0.57           N  
ATOM    619  NH1 ARG C1164     -10.670 -21.044 -39.114  1.00  0.48           N  
ATOM    620  NH2 ARG C1164     -11.766 -21.252 -37.111  1.00  0.44           N  
ATOM    621  CZ  ARG C1164     -10.655 -21.362 -37.824  1.00  0.60           C  
TER     622      ARG C1164                                                       
END   
",DRGRAPPARGPRAPRGRGGRAGGRGAGGPR:DRGRAPPARGPRAPRGRGGRAGGRGAGGPR:DRGRAPPARGPRAPRGRGGRAGGRGAGGPR,2
