sequence,sequence_length,energy_score,time_step,length,gc_content,max_homopolymer_length,dinucleotide_freqs,GATC_tud,orfipy_orfs,mmseqs_results,unique_orfs_with_hits,analyzed_sequence,orfs_with_acceptable_homology,total_orfs_with_hits,homology_compliance_rate
+~GAGTTTTATCGCTTCCATGACGCAGAAGTTAACACTTTCGGATATTTCTGATGAGTCGAAAAATTATCTTGATAAAGCAGGAATTACTACTGCTTGTTTACGAATTAAATCGAAGTGGACTGCTGGCGGAAAATGAGAAAATTCGACCTATCCTTGCGCAGCTCGAGAAGCTCTTACTTTGCGACCTTTCGCCATCAACTAACGATTCTGTCAAAAACTGACGCGTTGGATGAGGAGAAGTGGCTTAATATGCTTGGCACGTTCGTTAAGGACTGGTTTAGATATGAGTCACATTTTGTTCACGGTAGAGATTCTCTTGTTGACATTTTAAAAGAGCGTGGATTACTATCTGAGTCCGATGCTGTTCAACCACTAATAGGTAAAAAATCATGAGTCAAGTTACTGAACAATCTGTACGTTTCCAGACTGCGCTGGCCTCCATTAAGCTGATTCAGGCTTCTGCCGTTTTGGATTTAACCGAAGATGATTTCGATTTTCTGACGAGTAACAAGGTTTGGATTGCTACTGACCGCTCTCGTGCTCGTCGCTGCGTTGAGGCTTGCGTTTATGGTACGCTGGACTTTGTGGGATACCCTCGCTTTCCTGCTCCTGTTGAGTTTATTGCTGCCGTCATTGCTTATTATGTTCATCCCGTCAACATTCAAACGGCCTGCCTCATCATGGAAGGCGCTGAATTTACGGAAAACATTATTAATGGCGTCGAGCGTCCGGTTAAAGCCGCTGAACTGTTCGCGTTTACCCTGCGTGTACGCGCAGGAAACACTGACGTTCTTACTGATGCAGAAGAGAACGTCCGCCAAAAATTACGCGCAGAAGGAGTGATGTAATGTCTAAAGGTAAAAAGCGTTCTGGCGCTCGCCCCGGTCGTCCACAGCCGTTGCGAGGCACTAAAGGCAAGCGCAAAGGTGCTCGCCTCTGGTATGTAGGTGGTCAACAATTTTAATTATAGGGGCTTCGGCCCCTTACTTGAGGATAAATTATGTCTAATGTTCAAACTGGCGCACAACGTATGCCGCATGACCTTTCCCATCTTGGCTTCCTTGCTGGTCAAATTGGTCGTCTTATTACCATTTCAACTACTCCGGTTATCGCTGGCGACTCCTTCGAAATGGACGTCGTGGGCGCTCTTCGTCTTTCTCCATTGCGTCGTGGCCTTGCTATTGACTCTACTGTAGACATTTTTACTTTTTATGTCCCTCATCGTCATGTTTATGGTGAGCAGTGGATTAAGTTTATGAAGGATGGCGTTAAAGCCGCTCCGCTCCCGACCGTTAACACTACTGGTAATATTGACCATGCCGCTTTTCTTGGCACGATTAACCCTGATACCAATAAAATTCCTAAGCATTTGTTTCAGGGTTATCTGAATATCTATAACAACTATTTTAAAGCGCCGTGGATGCCTGACCGTACCGAGGCTAACCCCAATCAGCTTAATGAAGATGATGCTCGCTATGGTTTCCGTTGCTGCCATCTTAAAAACATTTGGACTGCTCCGCTTCCTCCTGAGACTGAGCTTTCTCGCCAAATGACGACTTCTACCACGTCTATTGACATTATGGGTCTGCAAGCTGCTTATGCTAATTTGCATACTGACCAAGAACGTGATTACTTCATGCAGCGTTACCGTGATGTTATTTCTTCATTTGGAGGTAAAACCTCTTATGACGCCGACAACCGTCCTTTACTTGTCATGCGCTCTAATTTTTGGGCATCTGGCTATGATGTTGATGGAACTGACCAAACGTCGTTAGGCCAGTTTTCTGGTCGTGTTCAACAGACCTATAAACATTCTGTGCCGCGTTTTTTTGTTCCTGAGCATGGCACTATGTTTACTCTTGCGCTTGTTCGTTTTCCGCCTACTGCGACTAAAGAGATTCAGTACCTTAATGCTAAAGGTGCTTTGACTTATACCGATATTGCTGGCGACCCTGCTTTGTATGGCAACTTGCCGCCGCGTGAAATTTCTATGAAGGATGTTTTCCGTTCTGGTGATGCTTCTAAGAAGTTTAAGATTGCCGAGGGTCAATGGTATCGTTATGCGCCTTCTTATGTTTCTCCTGCATATCACCTTCTTGAAGGCTTCCCATTTATTCAGGAACCGCCTTCCGGTGATTTGCAAGAACGCGTACTTATTCGCCATCATGACTATGACCAGTGTTTCCAGTCCGTTCAGTTGTTGCAGTGGAATAGTCAGGTTAAATTTAATGTGACCGTTTATCGCAATCTGCCGACCACTCGCGATTCAATCATGACTTCGTGATAAAAGATTGAGTGTGAGGTTATAACGCCGTAGCGGTAAAAATTTTAATTTTTGCCGCTGAGGGGTTGACCAAGCGAAGCGCGGTAGGTTTTCTGCTTAGGAGTTTAATCATGTTTCAGACTTTTATTTCTCGCCATAATTCAAACTTTTTTTCTGATAAGCTGGTTGCTAGTTCTGTTACTCCAGCTTCTTTAGCACCTGTTTTACAGACACCTAAAGCTACATCGTCAACGTTATATTTTGATAGTTTGACGGTTAATGCTGCTAATGGTGGTTTTCTTCATTGCATTCAGATGGATACATCTGTCAACGCCGCTAATCAGGTTGTTTCTGTTGGTGCTGATATTGCTTTTGATGCCGACCCTAAATTTTTTGCCTGTTTGGTTCGCTTTGAGTCTTCTTCGGTTCCGACTACTCTCCCGACTGCCTATGATGTTTATCCTTTGGATGGTCGCCATGATGGTGGTTATTATACTGTTAAGGATTGCGTGACTATTGACGTCCTTCCCCGTACGCCGGGCAATAATGTTTATGTTGGTTTCATGGTTTGGTCTAACTTTACCGCTACTAAATGCCGCGGATTGGTTTCGCTGAATCAGGTTATTAAAGAGATTATTTGTCTCCAGCCACTTAAGTGAGGTGATTTATGTTTGGTGCTATTGCTGGCGGTATTGCTTCCGCTCTTGCTGGCGGCGCCATGTCTAAATTGTTTGGAGGCGGTCAAGAAGCCGCCTCTGGTGGCATTCAAGGTGATGTGCTTGCTACCGATAACAATACTGTAGGCATGGGTGACGCTGGTATTAAATCTGCCATTCAAGGCTCTAATGTTCCCAACCCTGATGAGGCCGCACCTAATTTTGTTTCTGGTGCTATGGCTAAAGCTGGTAAAGGACTTCTTGAAGGTACATTGCAAGCTGGTACTTCTGCCGTTTCTGATAAGTTGCTTGATTTGGTTGGACTTGGTGGCAAGTCTGCCGCTGATAAAGGAAAGGATACTCGTGATTATCTTGCTGCTGCATTTCCTGAGCTTAATGCTTGGGAGCGTGCTGGTGCTGGTGCTTCCTCTGCTGGTATGGTTGACGCCGGATTTGAGAATCAAAAAGAGCTTACTAAAATGCAATTGGACAATCAGAAAGAGATTGCCGAGATGCAAAATGAGACTCAAAAAGAGATTGCTGGCATTCAGTCGGCAACTTCACGCCAGAATACGAAAGATCAGGTATATGCACAAAATGAGATGCTTGCTTATCAACAGAAGGAGTCTACTGCTCGCGTTGCGTCTATTATGGAAAACACTAATCTTTCCAAGCAACAGCAGGTTTCCGAGATTATGCGCCAGATGCTTACACAGGCTCAAACGGCTGGTCAGTATTTTACCAATGACCAAATCAAAGAGATGACTCGTAAGGTCAGTGCTGAGGTTGACTTAGTTCATCAGCAAACGCAGAATCAGCGGTATGGTTCTTCTCATATTGGCGCTACTGCAAAGGATATCTCTAATGTCGTCACTGATGCTGCTTCTGGTGTGGTTGATATTTTTCATGGTATTGATAAAGCTGTTGCCGATACTTGGAACAATTTCTGGAAAGACGGTAAAGCTGATGGTATTGGCTCTAATTTGTCTAGGAAGTAACCGTCAGGATTGACACCTTTCTAATTGTGTGATTTCATGCCTCCAAACTTTGGAGGCTTTTTTATGGTTCGCTCTTATTACCCTTCTGAATGTCACGCTGATTATTTTGACTTTGAGCGCATCGAGGCTCTTAAACCTGCTATCGCGGCCTGTGGCATTTCTACTCTTTCCCAATCTCCGATGCTTGCCTTCCATAAGCAGATGGATAACCGCATCAAGCTCCTTGAAGAGATTCTGTCTTTTCGTATGCGGGGCGTTGAGTTCGATAATGGTGATATGTATGTTGACGGTCATAAGGCTGCTTCTGACGTTCGTGATGAGTTTGTATCTGTTACTGAGAAGTTAATGGATGAATTGGCACAATGCTACAATGTGCTCCCCCAACTTGATATTAATAACACTATAGACCACCGCCCCGAAGGGGACGAAAAATGGTTTTTAGAGAACGAGAAGACGGTTACGCAGTTTTGCCGCAAGCTGGCTGCTGAACGCCCTCTTAAGGATATTCGCGATGAGTATGATTACCCCAAAAAGAAAGGTATTAAGGATGAGTGTTCAAGATTGCTGGAGGCCTCCACTATGAAATCGCGTAGAGGCTTTACTATTCAGCGTTTGATGAATGCAATGCGACAGGCTCATGCTGATGGTTGGTTTATCGTTTTTGACACTCTCACGTTGGCTGACGATCGATTAGAGGCGTTTTATGATAACCCCAATGCTTTGCGTGACTATTTTCGTGATATTGGTCGTATGGTTCTTGCTGCTGAGGGTCGCAAGGCTAATGACTCACACGCCGACTGCTATCAGTATTTTTGTGTGCCTGAGTATGGTACAGCTAATGGCCGTCTTCATTTCCATGCGGTGCATTTTATGCGGACACTTCCTACGGGTAGCGTTGACCCTAATTTTGGTCGTCGGGTACGCAATCGCCGCCAGTTAAATAGCTTGCAAAATACGTGGCCTTATGGTTACAGTATGCCCATCGCAGTTCGCTACACGCAGGACGCTTTTTCACGTTCTGGTTGGTTGTGGCCTGTTGATGCTAAAGGTGAGCCGCTTAAAGCTACCAGTTATATGGCTGTTGGTTTCTATGTGGCTAAATATGTTAACAAAAAGTCAGATATGGACCTTGCTGCTAAAGGTCTAGGAGCTAAAGAATGGAACAACTCACTAAAAACCAAACTATCGCTACTTCCCAAGAAGCTTTTCAGAATCAGAATGAGCCGCAACTTCGGGATGAAAATGCTCACAATGACCAACCTGTCAATGGAATGCTTAATCCAACTTACCAAGCTGGGTTACGACGCGACGCCGTTCAACCAGATTCTGAAGCAGAACGCAAAAAGAGAGATGAGATTGCGGCTGGCAAAAGTTACTGTAGCCGACGTTTTGGCGGCGCAACCTGTGACGACAAATCTGCTCAAATTTATGCGCGCTTCGATAAAAATGATTGGCGTGTCCAACCTGCAGAGTTTTATCGCTTCCATGACGCAGAAGTTAACACTTTCGGATATTTCTGATGAGTCGAAAAATTATCTTGATAAAGCAGGAATTACTACTGCTTGTCTACGAATTAAATCGAAGTGGACTG,5510,0.023022651318232456,3,5510,44.62794918330309,7,"{'AA': 0.07372435082622117, 'AT': 0.07209006718721626, 'AC': 0.048483747957145454, 'AG': 0.04684946431814055, 'TA': 0.059015798075177046, 'TT': 0.10677319774832032, 'TC': 0.058107862720174326, 'TG': 0.08861449064826585, 'CA': 0.04721263846014164, 'CT': 0.07517704739422554, 'CC': 0.04140185218812421, 'CG': 0.05011803159615035, 'GA': 0.061194842927183586, 'GT': 0.05847103686217541, 'GC': 0.06591610677319774, 'GG': 0.04684946431814055}",0.09706171239947364,"         parent_id  orf_id strand  frame  \
0   input_sequence   ORF.1      +      1   
1   input_sequence   ORF.2      +      1   
2   input_sequence   ORF.3      +      1   
3   input_sequence   ORF.4      +      1   
4   input_sequence   ORF.5      +      1   
5   input_sequence   ORF.6      +      1   
6   input_sequence   ORF.7      +      1   
7   input_sequence   ORF.8      +      1   
8   input_sequence   ORF.9      +      1   
9   input_sequence  ORF.10      +      1   
10  input_sequence  ORF.11      +      1   
11  input_sequence  ORF.12      +      1   
12  input_sequence  ORF.13      +      2   
13  input_sequence  ORF.14      +      2   
14  input_sequence  ORF.15      +      2   
15  input_sequence  ORF.16      +      2   
16  input_sequence  ORF.17      +      2   
17  input_sequence  ORF.18      +      2   
18  input_sequence  ORF.19      +      2   
19  input_sequence  ORF.20      +      2   
20  input_sequence  ORF.21      +      3   
21  input_sequence  ORF.22      +      3   
22  input_sequence  ORF.23      +      3   
23  input_sequence  ORF.24      +      3   
24  input_sequence  ORF.25      +      3   
25  input_sequence  ORF.26      +      3   
26  input_sequence  ORF.27      +      3   
27  input_sequence  ORF.28      +      3   
28  input_sequence  ORF.29      +      3   
29  input_sequence  ORF.30      +      3   
30  input_sequence  ORF.31      +      3   
31  input_sequence  ORF.32      +      3   
32  input_sequence  ORF.33      -      1   
33  input_sequence  ORF.34      -      1   
34  input_sequence  ORF.35      -      1   
35  input_sequence  ORF.36      -      1   
36  input_sequence  ORF.37      -      1   
37  input_sequence  ORF.38      -      1   
38  input_sequence  ORF.39      -      1   
39  input_sequence  ORF.40      -      1   
40  input_sequence  ORF.41      -      1   
41  input_sequence  ORF.42      -      1   
42  input_sequence  ORF.43      -      1   
43  input_sequence  ORF.44      -      1   
44  input_sequence  ORF.45      -      1   
45  input_sequence  ORF.46      -      1   
46  input_sequence  ORF.47      -      1   
47  input_sequence  ORF.48      -      1   
48  input_sequence  ORF.49      -      1   
49  input_sequence  ORF.50      -      1   
50  input_sequence  ORF.51      -      1   
51  input_sequence  ORF.52      -      1   
52  input_sequence  ORF.53      -      1   
53  input_sequence  ORF.54      -      1   
54  input_sequence  ORF.55      -      1   
55  input_sequence  ORF.56      -      1   
56  input_sequence  ORF.57      -      1   
57  input_sequence  ORF.58      -      1   
58  input_sequence  ORF.59      -      1   
59  input_sequence  ORF.60      -      1   

                                  amino_acid_sequence  \
0   MRKFDLSLRSSRSSYFATFRHQLTILSKTDALDEEKWLNMLGTFVK...   
1   MVRWTLWDTLAFLLLLSLLLPSLLIMFIPSTFKRPASSWKALNLRK...   
2                                    MVSLCAFLCFSCISPS   
3   MFQTFISRHNSNFFSDKLVASSVTPASLAPVLQTPKATSSTLYFDS...   
4   MFPTLMRPHLILFLVLWLKLVKDFLKVHCKLVLLPFLISCLIWLDL...   
5   MVLLILALLQRISLMSSLMLLLVWLIFFMVLIKLLPILGTISGKTV...   
6                           MVICMLTVIRLLLTFVMSLYLLLRS   
7                                  MNWHNATMCSPNLILITL   
8                             MSMITPKRKVLRMSVQDCWRPPL   
9                            MQCDRLMLMVGLSFLTLSRWLTID   
10  MITPMLCVTIFVILVVWFLLLRVARLMTHTPTAISIFVCLSMVQLM...   
11  MVTVCPSQFATRRTLFHVLVGCGLLMLKVSRLKLPVIWLLVSMWLN...   
12            MTQKLTLSDISDESKNYLDKAGITTACLRIKSKWTAGGK   
13                  MRRSGLICLARSLRTGLDMSHILFTVEILLLTF   
14             MSKGKKRSGARPGRPQPLRGTKGKRKGARLWYVGGQQF   
15  MSNVQTGAQRMPHDLSHLGFLAGQIGRLITISTTPVIAGDSFEMDV...   
16  MLLMVVFFIAFRWIHLSTPLIRLFLLVLILLLMPTLNFLPVWFALS...   
17                             MFMLVSWFGLTLPLLNAADWFR   
18                                 MVFREREDGYAVLPQAGC   
19  MEQLTKNQTIATSQEAFQNQNEPQLRDENAHNDQPVNGMLNPTYQA...   
20  MSRKIILIKQELLLLVYELNRSGLLAENEKIRPILAQLEKLLLCDL...   
21  MSQVTEQSVRFQTALASIKLIQASAVLDLTEDDFDFLTSNKVWIAT...   
22  MFKLAHNVCRMTFPILASLLVKLVVLLPFQLLRLSLATPSKWTSWA...   
23                                    MSLIVMFMVSSGLSL   
24          MALKPLRSRPLTLLVILTMPLFLARLTLIPIKFLSICFRVI   
25                    MKMMLAMVSVAAILKTFGLLRFLLRLSFLAK   
26  MLICILTKNVITSCSVTVMLFLHLEVKPLMTPTTVLYLSCALIFGH...   
27                       MALCLLLRLFVFRLLRLKRFSTLMLKVL   
28                                         MATCRRVKFL   
29  MFSVLVMLLRSLRLPRVNGIVMRLLMFLLHITFLKASHLFRNRLPV...   
30                                        MPRIGFAESGY   
31  MFGAIAGGIASALAGGAMSKLFGGGQEAASGGIQGDVLATDNNTVG...   
32    MQQQDNHEYPFLYQRQTCHQVQPNQATYQKRQKYQLAMYLQEVLYQL   
33  MATIQRINIIGSRESSRNRRRLKANQTGKKFRVGIKSNISTNRNNL...   
34                                         MARNKSLKHD   
35                                        MIESRVVGRLR   
36                                         MTSKGRLSAS   
37                 MSIDVVEVVIWRESSVSGGSGAVQMFLRWQQRKP   
38        MSTVESIARPRRNGERRRAPTTSISKESPAITGVVEMVIRRPI   
39                                    MAKGRKVRASRAAQG   
40                         MHRMEMKTAISCTILRHTKILIAVGV   
41                        MSLSHCIHQTLNSKASTRFHSGGLQQS   
42  MTVNIHITIIELNAPHTKRQNLFKELDAVIHLLMEGKHRRLGKSRN...   
43             MKNINHTRSSISDDIRDILCSSANMRRTIPLILRLLMN   
44                     MIKLLSRKPTALRLVNPSAAKIKIFTATAL   
45                         MGSLQEGDMQEKHKKAHNDTIDPRQS   
46                                 MEKDEERPRRPFRRSRQR   
47  MNIISNDGSNKLNRSRKARVSHKVQRTINASLNAATSTRAVSSNPN...   
48  MEAIKLCRLDTPIIFIEARINLSRFVVTGCAAKTSATVTFASRNLI...   
49              MRLSICLWKASIGDWERVEMPQAAIAGLRASMRSKSK   
50                             MADLIPASPMPTVLLSVASTSP   
51                             MAPPARAEAIPPAIAPNINHLT   
52                                       MYPSECNEENHH   
53  MMANKYAFLQITGRRFLNKWEAFKKVICRRNIRRRITIPLTLGNLK...   
54  MQISISSLQTHNVNRRGRSRHLARKLSLRRKRSSPNVFKMAATETI...   
55                       MGKVMRHTLCASLNIRHNLSSSKGPKPL   
56                                    MFSVNSAPSMMRQAV   
57                             MTAAINSTGAGKRGYPTKSSVP   
58                                    MEASAVWKRTDCSVT   
59              MIFYLLVVEQHRTQIVIHALLKCQQENLYREQNVTHI   

                                  nucleotide_sequence  amino_acid_length  \
0   ATGAGAAAATTCGACCTATCCTTGCGCAGCTCGAGAAGCTCTTACT...                 86   
1   ATGGTACGCTGGACTTTGTGGGATACCCTCGCTTTCCTGCTCCTGT...                 91   
2   ATGGTATCGTTATGCGCCTTCTTATGTTTCTCCTGCATATCACCTT...                 16   
3   ATGTTTCAGACTTTTATTTCTCGCCATAATTCAAACTTTTTTTCTG...                175   
4   ATGTTCCCAACCCTGATGAGGCCGCACCTAATTTTGTTTCTGGTGC...                191   
5   ATGGTTCTTCTCATATTGGCGCTACTGCAAAGGATATCTCTAATGT...                 62   
6   ATGGTGATATGTATGTTGACGGTCATAAGGCTGCTTCTGACGTTCG...                 25   
7   ATGAATTGGCACAATGCTACAATGTGCTCCCCCAACTTGATATTAA...                 18   
8   ATGAGTATGATTACCCCAAAAAGAAAGGTATTAAGGATGAGTGTTC...                 23   
9   ATGCAATGCGACAGGCTCATGCTGATGGTTGGTTTATCGTTTTTGA...                 24   
10  ATGATAACCCCAATGCTTTGCGTGACTATTTTCGTGATATTGGTCG...                 78   
11  ATGGTTACAGTATGCCCATCGCAGTTCGCTACACGCAGGACGCTTT...                 60   
12  ATGACGCAGAAGTTAACACTTTCGGATATTTCTGATGAGTCGAAAA...                 39   
13  ATGAGGAGAAGTGGCTTAATATGCTTGGCACGTTCGTTAAGGACTG...                 33   
14  ATGTCTAAAGGTAAAAAGCGTTCTGGCGCTCGCCCCGGTCGTCCAC...                 38   
15  ATGTCTAATGTTCAAACTGGCGCACAACGTATGCCGCATGACCTTT...                427   
16  ATGCTGCTAATGGTGGTTTTCTTCATTGCATTCAGATGGATACATC...                 77   
17  ATGTTTATGTTGGTTTCATGGTTTGGTCTAACTTTACCGCTACTAA...                 22   
18  ATGGTTTTTAGAGAACGAGAAGACGGTTACGCAGTTTTGCCGCAAG...                 18   
19  ATGGAACAACTCACTAAAAACCAAACTATCGCTACTTCCCAAGAAG...                120   
20  ATGAGTCGAAAAATTATCTTGATAAAGCAGGAATTACTACTGCTTG...                 56   
21  ATGAGTCAAGTTACTGAACAATCTGTACGTTTCCAGACTGCGCTGG...                152   
22  ATGTTCAAACTGGCGCACAACGTATGCCGCATGACCTTTCCCATCT...                 62   
23   ATGTCCCTCATCGTCATGTTTATGGTGAGCAGTGGATTAAGTTTATGA                 15   
24  ATGGCGTTAAAGCCGCTCCGCTCCCGACCGTTAACACTACTGGTAA...                 41   
25  ATGAAGATGATGCTCGCTATGGTTTCCGTTGCTGCCATCTTAAAAA...                 31   
26  ATGCTAATTTGCATACTGACCAAGAACGTGATTACTTCATGCAGCG...                 58   
27  ATGGCACTATGTTTACTCTTGCGCTTGTTCGTTTTCCGCCTACTGC...                 28   
28                  ATGGCAACTTGCCGCCGCGTGAAATTTCTATGA                 10   
29  ATGTTTTCCGTTCTGGTGATGCTTCTAAGAAGTTTAAGATTGCCGA...                 78   
30               ATGCCGCGGATTGGTTTCGCTGAATCAGGTTATTAA                 11   
31  ATGTTTGGTGCTATTGCTGGCGGTATTGCTTCCGCTCTTGCTGGCG...                328   
32  ATGCAGCAGCAAGATAATCACGAGTATCCTTTCCTTTATCAGCGGC...                 47   
33  ATGGCGACCATCCAAAGGATAAACATCATAGGCAGTCGGGAGAGTA...                 74   
34                  ATGGCGAGAAATAAAAGTCTGAAACATGATTAA                 10   
35               ATGATTGAATCGCGAGTGGTCGGCAGATTGCGATAA                 11   
36                  ATGACAAGTAAAGGACGGTTGTCGGCGTCATAA                 10   
37  ATGTCAATAGACGTGGTAGAAGTCGTCATTTGGCGAGAAAGCTCAG...                 34   
38  ATGTCTACAGTAGAGTCAATAGCAAGGCCACGACGCAATGGAGAAA...                 43   
39   ATGGCGAAAGGTCGCAAAGTAAGAGCTTCTCGAGCTGCGCAAGGATAG                 15   
40  ATGCACCGCATGGAAATGAAGACGGCCATTAGCTGTACCATACTCA...                 26   
41  ATGAGCCTGTCGCATTGCATTCATCAAACGCTGAATAGTAAAGCCT...                 27   
42  ATGACCGTCAACATACATATCACCATTATCGAACTCAACGCCCCGC...                 96   
43  ATGAAAAATATCAACCACACCAGAAGCAGCATCAGTGACGACATTA...                 38   
44  ATGATTAAACTCCTAAGCAGAAAACCTACCGCGCTTCGCTTGGTCA...                 30   
45  ATGGGAAGCCTTCAAGAAGGTGATATGCAGGAGAAACATAAGAAGG...                 26   
46  ATGGAGAAAGACGAAGAGCGCCCACGACGTCCATTTCGAAGGAGTC...                 18   
47  ATGAACATAATAAGCAATGACGGCAGCAATAAACTCAACAGGAGCA...                 58   
48  ATGGAAGCGATAAAACTCTGCAGGTTGGACACGCCAATCATTTTTA...                 62   
49  ATGCGGTTATCCATCTGCTTATGGAAGGCAAGCATCGGAGATTGGG...                 37   
50  ATGGCAGATTTAATACCAGCGTCACCCATGCCTACAGTATTGTTAT...                 22   
51  ATGGCGCCGCCAGCAAGAGCGGAAGCAATACCGCCAGCAATAGCAC...                 22   
52            ATGTATCCATCTGAATGCAATGAAGAAAACCACCATTAG                 12   
53  ATGATGGCGAATAAGTACGCGTTCTTGCAAATCACCGGAAGGCGGT...                131   
54  ATGCAAATTAGCATAAGCAGCTTGCAGACCCATAATGTCAATAGAC...                172   
55  ATGGGAAAGGTCATGCGGCATACGTTGTGCGCCAGTTTGAACATTA...                 28   
56   ATGTTTTCCGTAAATTCAGCGCCTTCCATGATGAGGCAGGCCGTTTGA                 15   
57  ATGACGGCAGCAATAAACTCAACAGGAGCAGGAAAGCGAGGGTATC...                 22   
58   ATGGAGGCCAGCGCAGTCTGGAAACGTACAGATTGTTCAGTAACTTGA                 15   
59  ATGATTTTTTACCTATTAGTGGTTGAACAGCATCGGACTCAGATAG...                 37   

    nucleotide_length  nucleotide_start  nucleotide_end  
0                 261               132             393  
1                 276               567             843  
2                  51              2049            2100  
3                 528              2394            2922  
4                 576              3108            3684  
5                 189              3741            3930  
6                  78              4185            4263  
7                  57              4266            4323  
8                  72              4428            4500  
9                  75              4536            4611  
10                237              4620            4857  
11                183              4881            5064  
12                120                16             136  
13                102               229             331  
14                117               847             964  
15               1284              1000            2284  
16                234              2542            2776  
17                 69              2809            2878  
18                 57              4348            4405  
19                363              5074            5437  
20                171                50             221  
21                459               389             848  
22                189              1007            1196  
23                 48              1211            1259  
24                126              1262            1388  
25                 96              1457            1553  
26                177              1598            1775  
27                 87              1841            1928  
28                 33              1961            1994  
29                237              1997            2234  
30                 36              2855            2891  
31                987              2930            3917  
32                144              3159            3303  
33                225              2517            2742  
34                 33              2388            2421  
35                 36              2238            2274  
36                 33              1683            1716  
37                105              1473            1578  
38                132              1068            1200  
39                 48               147             195  
40                 81              4703            4784  
41                 84              4472            4556  
42                291              3920            4211  
43                117              3710            3827  
44                 93              2303            2396  
45                 81              2030            2111  
46                 57              1106            1163  
47                177               473             650  
48                189              5215            5404  
49                114              4018            4132  
50                 69              3028            3097  
51                 69              2914            2983  
52                 39              2548            2587  
53                396              1771            2167  
54                519              1093            1612  
55                 87               964            1051  
56                 48               661             709  
57                 69               565             634  
58                 48               394             442  
59                114               277             391  ","                query_id   target_id  identity         evalue  \
0   input_sequence_ORF.1  phrog_1465     100.0   6.881000e-52   
1  input_sequence_ORF.13   phrog_713     100.0   3.531000e-20   
2  input_sequence_ORF.15  phrog_2354     100.0   2.084000e-18   
3  input_sequence_ORF.16   phrog_514      99.5  1.324000e-296   
4   input_sequence_ORF.2  phrog_1472      96.7   1.906000e-49   
5  input_sequence_ORF.20  phrog_1473      97.5   4.513000e-71   
6  input_sequence_ORF.21  phrog_1713     100.0   1.192000e-27   
7  input_sequence_ORF.22  phrog_1386     100.0   3.963000e-94   
8  input_sequence_ORF.32  phrog_1471      99.6  9.229000e-198   
9   input_sequence_ORF.4  phrog_1483      99.4  1.057000e-112   

                                            sequence  
0  MRKFDLSLRSSRSSYFATFRHQLTILSKTDALDEEKWLNMLGTFVK...  
1           MTQKLTLSDISDESKNYLDKAGITTACLRIKSKWTAGGK*  
2            MSKGKKRSGARPGRPQPLRGTKGKRKGARLWYVGGQQF*  
3  MSNVQTGAQRMPHDLSHLGFLAGQIGRLITISTTPVIAGDSFEMDV...  
4  MVRWTLWDTLAFLLLLSLLLPSLLIMFIPSTFKRPASSWKALNLRK...  
5  MEQLTKNQTIATSQEAFQNQNEPQLRDENAHNDQPVNGMLNPTYQA...  
6  MSRKIILIKQELLLLVYELNRSGLLAENEKIRPILAQLEKLLLCDL...  
7  MSQVTEQSVRFQTALASIKLIQASAVLDLTEDDFDFLTSNKVWIAT...  
8  MFGAIAGGIASALAGGAMSKLFGGGQEAASGGIQGDVLATDNNTVG...  
9  MFQTFISRHNSNFFSDKLVASSVTPASLAPVLQTPKATSSTLYFDS...  ",10,"GAGTTTTATCGCTTCCATGACGCAGAAGTTAACACTTTCGGATATTTCTGATGAGTCGAAAAATTATCTTGATAAAGCAGGAATTACTACTGCTTGTTTACGAATTAAATCGAAGTGGACTGCTGGCGGAAAATGAGAAAATTCGACCTATCCTTGCGCAGCTCGAGAAGCTCTTACTTTGCGACCTTTCGCCATCAACTAACGATTCTGTCAAAAACTGACGCGTTGGATGAGGAGAAGTGGCTTAATATGCTTGGCACGTTCGTTAAGGACTGGTTTAGATATGAGTCACATTTTGTTCACGGTAGAGATTCTCTTGTTGACATTTTAAAAGAGCGTGGATTACTATCTGAGTCCGATGCTGTTCAACCACTAATAGGTAAAAAATCATGAGTCAAGTTACTGAACAATCTGTACGTTTCCAGACTGCGCTGGCCTCCATTAAGCTGATTCAGGCTTCTGCCGTTTTGGATTTAACCGAAGATGATTTCGATTTTCTGACGAGTAACAAGGTTTGGATTGCTACTGACCGCTCTCGTGCTCGTCGCTGCGTTGAGGCTTGCGTTTATGGTACGCTGGACTTTGTGGGATACCCTCGCTTTCCTGCTCCTGTTGAGTTTATTGCTGCCGTCATTGCTTATTATGTTCATCCCGTCAACATTCAAACGGCCTGCCTCATCATGGAAGGCGCTGAATTTACGGAAAACATTATTAATGGCGTCGAGCGTCCGGTTAAAGCCGCTGAACTGTTCGCGTTTACCCTGCGTGTACGCGCAGGAAACACTGACGTTCTTACTGATGCAGAAGAGAACGTCCGCCAAAAATTACGCGCAGAAGGAGTGATGTAATGTCTAAAGGTAAAAAGCGTTCTGGCGCTCGCCCCGGTCGTCCACAGCCGTTGCGAGGCACTAAAGGCAAGCGCAAAGGTGCTCGCCTCTGGTATGTAGGTGGTCAACAATTTTAATTATAGGGGCTTCGGCCCCTTACTTGAGGATAAATTATGTCTAATGTTCAAACTGGCGCACAACGTATGCCGCATGACCTTTCCCATCTTGGCTTCCTTGCTGGTCAAATTGGTCGTCTTATTACCATTTCAACTACTCCGGTTATCGCTGGCGACTCCTTCGAAATGGACGTCGTGGGCGCTCTTCGTCTTTCTCCATTGCGTCGTGGCCTTGCTATTGACTCTACTGTAGACATTTTTACTTTTTATGTCCCTCATCGTCATGTTTATGGTGAGCAGTGGATTAAGTTTATGAAGGATGGCGTTAAAGCCGCTCCGCTCCCGACCGTTAACACTACTGGTAATATTGACCATGCCGCTTTTCTTGGCACGATTAACCCTGATACCAATAAAATTCCTAAGCATTTGTTTCAGGGTTATCTGAATATCTATAACAACTATTTTAAAGCGCCGTGGATGCCTGACCGTACCGAGGCTAACCCCAATCAGCTTAATGAAGATGATGCTCGCTATGGTTTCCGTTGCTGCCATCTTAAAAACATTTGGACTGCTCCGCTTCCTCCTGAGACTGAGCTTTCTCGCCAAATGACGACTTCTACCACGTCTATTGACATTATGGGTCTGCAAGCTGCTTATGCTAATTTGCATACTGACCAAGAACGTGATTACTTCATGCAGCGTTACCGTGATGTTATTTCTTCATTTGGAGGTAAAACCTCTTATGACGCCGACAACCGTCCTTTACTTGTCATGCGCTCTAATTTTTGGGCATCTGGCTATGATGTTGATGGAACTGACCAAACGTCGTTAGGCCAGTTTTCTGGTCGTGTTCAACAGACCTATAAACATTCTGTGCCGCGTTTTTTTGTTCCTGAGCATGGCACTATGTTTACTCTTGCGCTTGTTCGTTTTCCGCCTACTGCGACTAAAGAGATTCAGTACCTTAATGCTAAAGGTGCTTTGACTTATACCGATATTGCTGGCGACCCTGCTTTGTATGGCAACTTGCCGCCGCGTGAAATTTCTATGAAGGATGTTTTCCGTTCTGGTGATGCTTCTAAGAAGTTTAAGATTGCCGAGGGTCAATGGTATCGTTATGCGCCTTCTTATGTTTCTCCTGCATATCACCTTCTTGAAGGCTTCCCATTTATTCAGGAACCGCCTTCCGGTGATTTGCAAGAACGCGTACTTATTCGCCATCATGACTATGACCAGTGTTTCCAGTCCGTTCAGTTGTTGCAGTGGAATAGTCAGGTTAAATTTAATGTGACCGTTTATCGCAATCTGCCGACCACTCGCGATTCAATCATGACTTCGTGATAAAAGATTGAGTGTGAGGTTATAACGCCGTAGCGGTAAAAATTTTAATTTTTGCCGCTGAGGGGTTGACCAAGCGAAGCGCGGTAGGTTTTCTGCTTAGGAGTTTAATCATGTTTCAGACTTTTATTTCTCGCCATAATTCAAACTTTTTTTCTGATAAGCTGGTTGCTAGTTCTGTTACTCCAGCTTCTTTAGCACCTGTTTTACAGACACCTAAAGCTACATCGTCAACGTTATATTTTGATAGTTTGACGGTTAATGCTGCTAATGGTGGTTTTCTTCATTGCATTCAGATGGATACATCTGTCAACGCCGCTAATCAGGTTGTTTCTGTTGGTGCTGATATTGCTTTTGATGCCGACCCTAAATTTTTTGCCTGTTTGGTTCGCTTTGAGTCTTCTTCGGTTCCGACTACTCTCCCGACTGCCTATGATGTTTATCCTTTGGATGGTCGCCATGATGGTGGTTATTATACTGTTAAGGATTGCGTGACTATTGACGTCCTTCCCCGTACGCCGGGCAATAATGTTTATGTTGGTTTCATGGTTTGGTCTAACTTTACCGCTACTAAATGCCGCGGATTGGTTTCGCTGAATCAGGTTATTAAAGAGATTATTTGTCTCCAGCCACTTAAGTGAGGTGATTTATGTTTGGTGCTATTGCTGGCGGTATTGCTTCCGCTCTTGCTGGCGGCGCCATGTCTAAATTGTTTGGAGGCGGTCAAGAAGCCGCCTCTGGTGGCATTCAAGGTGATGTGCTTGCTACCGATAACAATACTGTAGGCATGGGTGACGCTGGTATTAAATCTGCCATTCAAGGCTCTAATGTTCCCAACCCTGATGAGGCCGCACCTAATTTTGTTTCTGGTGCTATGGCTAAAGCTGGTAAAGGACTTCTTGAAGGTACATTGCAAGCTGGTACTTCTGCCGTTTCTGATAAGTTGCTTGATTTGGTTGGACTTGGTGGCAAGTCTGCCGCTGATAAAGGAAAGGATACTCGTGATTATCTTGCTGCTGCATTTCCTGAGCTTAATGCTTGGGAGCGTGCTGGTGCTGGTGCTTCCTCTGCTGGTATGGTTGACGCCGGATTTGAGAATCAAAAAGAGCTTACTAAAATGCAATTGGACAATCAGAAAGAGATTGCCGAGATGCAAAATGAGACTCAAAAAGAGATTGCTGGCATTCAGTCGGCAACTTCACGCCAGAATACGAAAGATCAGGTATATGCACAAAATGAGATGCTTGCTTATCAACAGAAGGAGTCTACTGCTCGCGTTGCGTCTATTATGGAAAACACTAATCTTTCCAAGCAACAGCAGGTTTCCGAGATTATGCGCCAGATGCTTACACAGGCTCAAACGGCTGGTCAGTATTTTACCAATGACCAAATCAAAGAGATGACTCGTAAGGTCAGTGCTGAGGTTGACTTAGTTCATCAGCAAACGCAGAATCAGCGGTATGGTTCTTCTCATATTGGCGCTACTGCAAAGGATATCTCTAATGTCGTCACTGATGCTGCTTCTGGTGTGGTTGATATTTTTCATGGTATTGATAAAGCTGTTGCCGATACTTGGAACAATTTCTGGAAAGACGGTAAAGCTGATGGTATTGGCTCTAATTTGTCTAGGAAGTAACCGTCAGGATTGACACCTTTCTAATTGTGTGATTTCATGCCTCCAAACTTTGGAGGCTTTTTTATGGTTCGCTCTTATTACCCTTCTGAATGTCACGCTGATTATTTTGACTTTGAGCGCATCGAGGCTCTTAAACCTGCTATCGCGGCCTGTGGCATTTCTACTCTTTCCCAATCTCCGATGCTTGCCTTCCATAAGCAGATGGATAACCGCATCAAGCTCCTTGAAGAGATTCTGTCTTTTCGTATGCGGGGCGTTGAGTTCGATAATGGTGATATGTATGTTGACGGTCATAAGGCTGCTTCTGACGTTCGTGATGAGTTTGTATCTGTTACTGAGAAGTTAATGGATGAATTGGCACAATGCTACAATGTGCTCCCCCAACTTGATATTAATAACACTATAGACCACCGCCCCGAAGGGGACGAAAAATGGTTTTTAGAGAACGAGAAGACGGTTACGCAGTTTTGCCGCAAGCTGGCTGCTGAACGCCCTCTTAAGGATATTCGCGATGAGTATGATTACCCCAAAAAGAAAGGTATTAAGGATGAGTGTTCAAGATTGCTGGAGGCCTCCACTATGAAATCGCGTAGAGGCTTTACTATTCAGCGTTTGATGAATGCAATGCGACAGGCTCATGCTGATGGTTGGTTTATCGTTTTTGACACTCTCACGTTGGCTGACGATCGATTAGAGGCGTTTTATGATAACCCCAATGCTTTGCGTGACTATTTTCGTGATATTGGTCGTATGGTTCTTGCTGCTGAGGGTCGCAAGGCTAATGACTCACACGCCGACTGCTATCAGTATTTTTGTGTGCCTGAGTATGGTACAGCTAATGGCCGTCTTCATTTCCATGCGGTGCATTTTATGCGGACACTTCCTACGGGTAGCGTTGACCCTAATTTTGGTCGTCGGGTACGCAATCGCCGCCAGTTAAATAGCTTGCAAAATACGTGGCCTTATGGTTACAGTATGCCCATCGCAGTTCGCTACACGCAGGACGCTTTTTCACGTTCTGGTTGGTTGTGGCCTGTTGATGCTAAAGGTGAGCCGCTTAAAGCTACCAGTTATATGGCTGTTGGTTTCTATGTGGCTAAATATGTTAACAAAAAGTCAGATATGGACCTTGCTGCTAAAGGTCTAGGAGCTAAAGAATGGAACAACTCACTAAAAACCAAACTATCGCTACTTCCCAAGAAGCTTTTCAGAATCAGAATGAGCCGCAACTTCGGGATGAAAATGCTCACAATGACCAACCTGTCAATGGAATGCTTAATCCAACTTACCAAGCTGGGTTACGACGCGACGCCGTTCAACCAGATTCTGAAGCAGAACGCAAAAAGAGAGATGAGATTGCGGCTGGCAAAAGTTACTGTAGCCGACGTTTTGGCGGCGCAACCTGTGACGACAAATCTGCTCAAATTTATGCGCGCTTCGATAAAAATGATTGGCGTGTCCAACCTGCAGAGTTTTATCGCTTCCATGACGCAGAAGTTAACACTTTCGGATATTTCTGATGAGTCGAAAAATTATCTTGATAAAGCAGGAATTACTACTGCTTGTCTACGAATTAAATCGAAGTGGACTG|[('include_stop', True), ('max_len', 5500), ('min_len', 30), ('start_codons', 'ATG'), ('stop_codons', 'TAA,TAG,TGA'), ('strand', 'b'), ('threads', 96)]|[('database', '/large_storage/hielab/samuelking/phrogs/phrogs_mmseqs_db/phrogs_mmseqs_db'), ('only_top_hits', True), ('sensitivity', 4.0), ('threads', 96)]",10,10,1.0
