sequence,sequence_length,energy_score,time_step,avg_plddt,ptm,pdb_output,esmfolded_sequence
DIVAGTTTAFTIIMGYAPDATEMDAQMFMM,30,10.722284007817507,1664,0.8763778209686279,0.7227562665939331,"ATOM      1  N   ASP A   1      -4.614  15.011  -8.244  1.00  0.74           N  
ATOM      2  CA  ASP A   1      -5.568  14.660  -7.195  1.00  0.77           C  
ATOM      3  C   ASP A   1      -5.291  13.262  -6.647  1.00  0.77           C  
ATOM      4  CB  ASP A   1      -7.001  14.743  -7.724  1.00  0.69           C  
ATOM      5  O   ASP A   1      -5.590  12.261  -7.302  1.00  0.72           O  
ATOM      6  CG  ASP A   1      -8.045  14.521  -6.643  1.00  0.63           C  
ATOM      7  OD1 ASP A   1      -7.674  14.207  -5.492  1.00  0.64           O  
ATOM      8  OD2 ASP A   1      -9.250  14.659  -6.947  1.00  0.71           O  
ATOM      9  N   ILE A   2      -4.650  13.113  -5.626  1.00  0.80           N  
ATOM     10  CA  ILE A   2      -4.032  11.913  -5.072  1.00  0.81           C  
ATOM     11  C   ILE A   2      -5.116  10.958  -4.576  1.00  0.82           C  
ATOM     12  CB  ILE A   2      -3.056  12.258  -3.925  1.00  0.78           C  
ATOM     13  O   ILE A   2      -4.987   9.739  -4.714  1.00  0.81           O  
ATOM     14  CG1 ILE A   2      -2.268  11.013  -3.502  1.00  0.72           C  
ATOM     15  CG2 ILE A   2      -3.810  12.859  -2.736  1.00  0.71           C  
ATOM     16  CD1 ILE A   2      -1.318  10.488  -4.571  1.00  0.69           C  
ATOM     17  N   VAL A   3      -6.166  11.479  -4.076  1.00  0.84           N  
ATOM     18  CA  VAL A   3      -7.245  10.625  -3.590  1.00  0.86           C  
ATOM     19  C   VAL A   3      -7.876   9.874  -4.760  1.00  0.87           C  
ATOM     20  CB  VAL A   3      -8.321  11.442  -2.839  1.00  0.84           C  
ATOM     21  O   VAL A   3      -8.096   8.663  -4.682  1.00  0.87           O  
ATOM     22  CG1 VAL A   3      -9.520  10.562  -2.489  1.00  0.81           C  
ATOM     23  CG2 VAL A   3      -7.729  12.070  -1.579  1.00  0.80           C  
ATOM     24  N   ALA A   4      -8.101  10.610  -5.826  1.00  0.87           N  
ATOM     25  CA  ALA A   4      -8.685   9.974  -7.004  1.00  0.89           C  
ATOM     26  C   ALA A   4      -7.742   8.923  -7.584  1.00  0.89           C  
ATOM     27  CB  ALA A   4      -9.025  11.021  -8.061  1.00  0.87           C  
ATOM     28  O   ALA A   4      -8.172   7.824  -7.942  1.00  0.88           O  
ATOM     29  N   GLY A   5      -6.505   9.290  -7.699  1.00  0.88           N  
ATOM     30  CA  GLY A   5      -5.526   8.332  -8.189  1.00  0.89           C  
ATOM     31  C   GLY A   5      -5.397   7.107  -7.304  1.00  0.89           C  
ATOM     32  O   GLY A   5      -5.244   5.989  -7.801  1.00  0.89           O  
ATOM     33  N   THR A   6      -5.444   7.353  -5.977  1.00  0.88           N  
ATOM     34  CA  THR A   6      -5.371   6.249  -5.026  1.00  0.89           C  
ATOM     35  C   THR A   6      -6.608   5.362  -5.132  1.00  0.89           C  
ATOM     36  CB  THR A   6      -5.227   6.764  -3.582  1.00  0.87           C  
ATOM     37  O   THR A   6      -6.506   4.135  -5.066  1.00  0.88           O  
ATOM     38  CG2 THR A   6      -5.116   5.607  -2.594  1.00  0.83           C  
ATOM     39  OG1 THR A   6      -4.050   7.575  -3.486  1.00  0.86           O  
ATOM     40  N   THR A   7      -7.739   5.948  -5.286  1.00  0.92           N  
ATOM     41  CA  THR A   7      -8.959   5.172  -5.478  1.00  0.93           C  
ATOM     42  C   THR A   7      -8.842   4.276  -6.708  1.00  0.93           C  
ATOM     43  CB  THR A   7     -10.187   6.089  -5.622  1.00  0.92           C  
ATOM     44  O   THR A   7      -9.201   3.098  -6.661  1.00  0.93           O  
ATOM     45  CG2 THR A   7     -11.457   5.276  -5.852  1.00  0.87           C  
ATOM     46  OG1 THR A   7     -10.340   6.864  -4.427  1.00  0.89           O  
ATOM     47  N   THR A   8      -8.320   4.860  -7.774  1.00  0.94           N  
ATOM     48  CA  THR A   8      -8.177   4.103  -9.012  1.00  0.95           C  
ATOM     49  C   THR A   8      -7.182   2.959  -8.835  1.00  0.95           C  
ATOM     50  CB  THR A   8      -7.720   5.008 -10.171  1.00  0.94           C  
ATOM     51  O   THR A   8      -7.466   1.819  -9.207  1.00  0.94           O  
ATOM     52  CG2 THR A   8      -7.529   4.206 -11.454  1.00  0.86           C  
ATOM     53  OG1 THR A   8      -8.709   6.021 -10.397  1.00  0.89           O  
ATOM     54  N   ALA A   9      -6.077   3.267  -8.274  1.00  0.92           N  
ATOM     55  CA  ALA A   9      -5.051   2.247  -8.076  1.00  0.93           C  
ATOM     56  C   ALA A   9      -5.555   1.132  -7.164  1.00  0.94           C  
ATOM     57  CB  ALA A   9      -3.784   2.872  -7.497  1.00  0.92           C  
ATOM     58  O   ALA A   9      -5.349  -0.050  -7.447  1.00  0.93           O  
ATOM     59  N   PHE A  10      -6.173   1.477  -6.055  1.00  0.96           N  
ATOM     60  CA  PHE A  10      -6.742   0.522  -5.112  1.00  0.96           C  
ATOM     61  C   PHE A  10      -7.769  -0.371  -5.798  1.00  0.97           C  
ATOM     62  CB  PHE A  10      -7.389   1.252  -3.930  1.00  0.96           C  
ATOM     63  O   PHE A  10      -7.789  -1.584  -5.580  1.00  0.96           O  
ATOM     64  CG  PHE A  10      -7.740   0.350  -2.778  1.00  0.93           C  
ATOM     65  CD1 PHE A  10      -8.862  -0.467  -2.834  1.00  0.88           C  
ATOM     66  CD2 PHE A  10      -6.947   0.320  -1.638  1.00  0.88           C  
ATOM     67  CE1 PHE A  10      -9.190  -1.303  -1.769  1.00  0.90           C  
ATOM     68  CE2 PHE A  10      -7.268  -0.513  -0.570  1.00  0.90           C  
ATOM     69  CZ  PHE A  10      -8.391  -1.323  -0.637  1.00  0.89           C  
ATOM     70  N   THR A  11      -8.594   0.263  -6.598  1.00  0.98           N  
ATOM     71  CA  THR A  11      -9.620  -0.487  -7.314  1.00  0.98           C  
ATOM     72  C   THR A  11      -8.986  -1.498  -8.265  1.00  0.97           C  
ATOM     73  CB  THR A  11     -10.549   0.452  -8.105  1.00  0.97           C  
ATOM     74  O   THR A  11      -9.459  -2.631  -8.380  1.00  0.97           O  
ATOM     75  CG2 THR A  11     -11.602  -0.337  -8.875  1.00  0.91           C  
ATOM     76  OG1 THR A  11     -11.206   1.343  -7.195  1.00  0.91           O  
ATOM     77  N   ILE A  12      -7.899  -1.083  -8.927  1.00  0.97           N  
ATOM     78  CA  ILE A  12      -7.209  -1.967  -9.860  1.00  0.97           C  
ATOM     79  C   ILE A  12      -6.633  -3.164  -9.107  1.00  0.97           C  
ATOM     80  CB  ILE A  12      -6.090  -1.222 -10.621  1.00  0.97           C  
ATOM     81  O   ILE A  12      -6.726  -4.302  -9.574  1.00  0.97           O  
ATOM     82  CG1 ILE A  12      -6.693  -0.245 -11.636  1.00  0.94           C  
ATOM     83  CG2 ILE A  12      -5.151  -2.217 -11.310  1.00  0.93           C  
ATOM     84  CD1 ILE A  12      -5.692   0.752 -12.206  1.00  0.90           C  
ATOM     85  N   ILE A  13      -6.107  -2.995  -7.953  1.00  0.97           N  
ATOM     86  CA  ILE A  13      -5.367  -4.025  -7.233  1.00  0.97           C  
ATOM     87  C   ILE A  13      -6.338  -4.906  -6.449  1.00  0.97           C  
ATOM     88  CB  ILE A  13      -4.318  -3.406  -6.282  1.00  0.97           C  
ATOM     89  O   ILE A  13      -6.221  -6.133  -6.462  1.00  0.96           O  
ATOM     90  CG1 ILE A  13      -3.199  -2.734  -7.087  1.00  0.93           C  
ATOM     91  CG2 ILE A  13      -3.749  -4.471  -5.339  1.00  0.93           C  
ATOM     92  CD1 ILE A  13      -2.193  -1.974  -6.233  1.00  0.91           C  
ATOM     93  N   MET A  14      -7.294  -4.242  -5.785  1.00  0.98           N  
ATOM     94  CA  MET A  14      -8.132  -4.958  -4.827  1.00  0.98           C  
ATOM     95  C   MET A  14      -9.432  -5.418  -5.478  1.00  0.97           C  
ATOM     96  CB  MET A  14      -8.437  -4.077  -3.615  1.00  0.97           C  
ATOM     97  O   MET A  14     -10.123  -6.288  -4.946  1.00  0.96           O  
ATOM     98  CG  MET A  14      -7.209  -3.720  -2.792  1.00  0.93           C  
ATOM     99  SD  MET A  14      -6.441  -5.188  -2.003  1.00  0.91           S  
ATOM    100  CE  MET A  14      -7.610  -5.471  -0.645  1.00  0.83           C  
ATOM    101  N   GLY A  15      -9.821  -4.746  -6.614  1.00  0.97           N  
ATOM    102  CA  GLY A  15     -11.026  -5.140  -7.325  1.00  0.97           C  
ATOM    103  C   GLY A  15     -12.261  -4.383  -6.872  1.00  0.97           C  
ATOM    104  O   GLY A  15     -13.367  -4.647  -7.348  1.00  0.97           O  
ATOM    105  N   TYR A  16     -12.141  -3.518  -5.983  1.00  0.98           N  
ATOM    106  CA  TYR A  16     -13.249  -2.691  -5.517  1.00  0.98           C  
ATOM    107  C   TYR A  16     -12.748  -1.348  -5.001  1.00  0.98           C  
ATOM    108  CB  TYR A  16     -14.034  -3.413  -4.418  1.00  0.98           C  
ATOM    109  O   TYR A  16     -11.563  -1.197  -4.694  1.00  0.97           O  
ATOM    110  CG  TYR A  16     -13.224  -3.685  -3.173  1.00  0.97           C  
ATOM    111  CD1 TYR A  16     -12.467  -4.848  -3.050  1.00  0.95           C  
ATOM    112  CD2 TYR A  16     -13.216  -2.780  -2.117  1.00  0.95           C  
ATOM    113  CE1 TYR A  16     -11.722  -5.103  -1.904  1.00  0.94           C  
ATOM    114  CE2 TYR A  16     -12.474  -3.025  -0.966  1.00  0.94           C  
ATOM    115  OH  TYR A  16     -10.994  -4.435   0.268  1.00  0.92           O  
ATOM    116  CZ  TYR A  16     -11.731  -4.187  -0.869  1.00  0.93           C  
ATOM    117  N   ALA A  17     -13.642  -0.372  -4.948  1.00  0.97           N  
ATOM    118  CA  ALA A  17     -13.308   0.958  -4.447  1.00  0.97           C  
ATOM    119  C   ALA A  17     -13.163   0.952  -2.928  1.00  0.97           C  
ATOM    120  CB  ALA A  17     -14.368   1.970  -4.873  1.00  0.96           C  
ATOM    121  O   ALA A  17     -13.948   0.309  -2.226  1.00  0.96           O  
ATOM    122  N   PRO A  18     -12.205   1.601  -2.404  1.00  0.96           N  
ATOM    123  CA  PRO A  18     -12.043   1.636  -0.949  1.00  0.96           C  
ATOM    124  C   PRO A  18     -13.128   2.455  -0.254  1.00  0.95           C  
ATOM    125  CB  PRO A  18     -10.668   2.282  -0.763  1.00  0.95           C  
ATOM    126  O   PRO A  18     -13.583   3.467  -0.792  1.00  0.93           O  
ATOM    127  CG  PRO A  18     -10.477   3.132  -1.977  1.00  0.94           C  
ATOM    128  CD  PRO A  18     -11.125   2.446  -3.146  1.00  0.93           C  
ATOM    129  N   ASP A  19     -13.429   2.010   0.939  1.00  0.95           N  
ATOM    130  CA  ASP A  19     -14.231   2.888   1.785  1.00  0.95           C  
ATOM    131  C   ASP A  19     -13.350   3.899   2.517  1.00  0.95           C  
ATOM    132  CB  ASP A  19     -15.042   2.070   2.792  1.00  0.94           C  
ATOM    133  O   ASP A  19     -12.133   3.924   2.325  1.00  0.93           O  
ATOM    134  CG  ASP A  19     -14.172   1.342   3.801  1.00  0.91           C  
ATOM    135  OD1 ASP A  19     -13.110   1.874   4.188  1.00  0.91           O  
ATOM    136  OD2 ASP A  19     -14.552   0.223   4.211  1.00  0.91           O  
ATOM    137  N   ALA A  20     -13.919   4.721   3.346  1.00  0.91           N  
ATOM    138  CA  ALA A  20     -13.200   5.816   3.994  1.00  0.91           C  
ATOM    139  C   ALA A  20     -12.067   5.286   4.868  1.00  0.91           C  
ATOM    140  CB  ALA A  20     -14.159   6.662   4.827  1.00  0.89           C  
ATOM    141  O   ALA A  20     -10.971   5.852   4.885  1.00  0.90           O  
ATOM    142  N   THR A  21     -12.274   4.240   5.701  1.00  0.91           N  
ATOM    143  CA  THR A  21     -11.272   3.652   6.583  1.00  0.92           C  
ATOM    144  C   THR A  21     -10.125   3.051   5.775  1.00  0.92           C  
ATOM    145  CB  THR A  21     -11.889   2.568   7.486  1.00  0.90           C  
ATOM    146  O   THR A  21      -8.954   3.258   6.100  1.00  0.91           O  
ATOM    147  CG2 THR A  21     -10.854   2.002   8.453  1.00  0.79           C  
ATOM    148  OG1 THR A  21     -12.967   3.139   8.239  1.00  0.82           O  
ATOM    149  N   GLU A  22     -10.473   2.310   4.697  1.00  0.92           N  
ATOM    150  CA  GLU A  22      -9.460   1.735   3.817  1.00  0.93           C  
ATOM    151  C   GLU A  22      -8.654   2.826   3.116  1.00  0.92           C  
ATOM    152  CB  GLU A  22     -10.108   0.813   2.781  1.00  0.92           C  
ATOM    153  O   GLU A  22      -7.443   2.687   2.929  1.00  0.90           O  
ATOM    154  CG  GLU A  22     -10.617  -0.500   3.360  1.00  0.91           C  
ATOM    155  CD  GLU A  22     -11.477  -1.291   2.387  1.00  0.90           C  
ATOM    156  OE1 GLU A  22     -12.111  -0.676   1.499  1.00  0.90           O  
ATOM    157  OE2 GLU A  22     -11.517  -2.535   2.515  1.00  0.91           O  
ATOM    158  N   MET A  23      -9.298   3.933   2.678  1.00  0.90           N  
ATOM    159  CA  MET A  23      -8.614   5.066   2.060  1.00  0.89           C  
ATOM    160  C   MET A  23      -7.634   5.707   3.037  1.00  0.88           C  
ATOM    161  CB  MET A  23      -9.625   6.106   1.576  1.00  0.89           C  
ATOM    162  O   MET A  23      -6.486   5.980   2.681  1.00  0.87           O  
ATOM    163  CG  MET A  23      -8.991   7.302   0.884  1.00  0.87           C  
ATOM    164  SD  MET A  23      -8.039   6.826  -0.610  1.00  0.90           S  
ATOM    165  CE  MET A  23      -9.384   6.701  -1.821  1.00  0.85           C  
ATOM    166  N   ASP A  24      -8.065   5.802   4.285  1.00  0.87           N  
ATOM    167  CA  ASP A  24      -7.183   6.360   5.306  1.00  0.87           C  
ATOM    168  C   ASP A  24      -5.983   5.449   5.552  1.00  0.87           C  
ATOM    169  CB  ASP A  24      -7.949   6.585   6.611  1.00  0.86           C  
ATOM    170  O   ASP A  24      -4.850   5.923   5.665  1.00  0.86           O  
ATOM    171  CG  ASP A  24      -8.897   7.769   6.547  1.00  0.82           C  
ATOM    172  OD1 ASP A  24      -8.795   8.581   5.602  1.00  0.80           O  
ATOM    173  OD2 ASP A  24      -9.751   7.894   7.451  1.00  0.83           O  
ATOM    174  N   ALA A  25      -6.244   4.187   5.650  1.00  0.88           N  
ATOM    175  CA  ALA A  25      -5.178   3.205   5.833  1.00  0.88           C  
ATOM    176  C   ALA A  25      -4.210   3.220   4.654  1.00  0.88           C  
ATOM    177  CB  ALA A  25      -5.767   1.808   6.016  1.00  0.88           C  
ATOM    178  O   ALA A  25      -2.991   3.183   4.843  1.00  0.87           O  
ATOM    179  N   GLN A  26      -4.747   3.277   3.432  1.00  0.88           N  
ATOM    180  CA  GLN A  26      -3.906   3.293   2.240  1.00  0.88           C  
ATOM    181  C   GLN A  26      -3.079   4.574   2.169  1.00  0.87           C  
ATOM    182  CB  GLN A  26      -4.758   3.147   0.979  1.00  0.88           C  
ATOM    183  O   GLN A  26      -1.890   4.535   1.844  1.00  0.85           O  
ATOM    184  CG  GLN A  26      -3.947   3.104  -0.310  1.00  0.87           C  
ATOM    185  CD  GLN A  26      -3.005   1.916  -0.370  1.00  0.86           C  
ATOM    186  NE2 GLN A  26      -1.759   2.166  -0.759  1.00  0.87           N  
ATOM    187  OE1 GLN A  26      -3.393   0.783  -0.069  1.00  0.87           O  
ATOM    188  N   MET A  27      -3.711   5.630   2.518  1.00  0.84           N  
ATOM    189  CA  MET A  27      -2.999   6.904   2.532  1.00  0.84           C  
ATOM    190  C   MET A  27      -1.879   6.891   3.567  1.00  0.84           C  
ATOM    191  CB  MET A  27      -3.964   8.056   2.820  1.00  0.83           C  
ATOM    192  O   MET A  27      -0.787   7.402   3.312  1.00  0.82           O  
ATOM    193  CG  MET A  27      -4.971   8.305   1.709  1.00  0.81           C  
ATOM    194  SD  MET A  27      -4.169   8.750   0.120  1.00  0.83           S  
ATOM    195  CE  MET A  27      -3.584  10.422   0.514  1.00  0.71           C  
ATOM    196  N   PHE A  28      -2.148   6.198   4.717  1.00  0.83           N  
ATOM    197  CA  PHE A  28      -1.099   5.978   5.705  1.00  0.83           C  
ATOM    198  C   PHE A  28       0.055   5.184   5.104  1.00  0.83           C  
ATOM    199  CB  PHE A  28      -1.657   5.247   6.931  1.00  0.82           C  
ATOM    200  O   PHE A  28       1.221   5.542   5.282  1.00  0.82           O  
ATOM    201  CG  PHE A  28      -0.604   4.841   7.926  1.00  0.83           C  
ATOM    202  CD1 PHE A  28      -0.168   5.731   8.900  1.00  0.82           C  
ATOM    203  CD2 PHE A  28      -0.051   3.568   7.888  1.00  0.83           C  
ATOM    204  CE1 PHE A  28       0.806   5.357   9.823  1.00  0.82           C  
ATOM    205  CE2 PHE A  28       0.923   3.187   8.807  1.00  0.82           C  
ATOM    206  CZ  PHE A  28       1.351   4.083   9.773  1.00  0.78           C  
ATOM    207  N   MET A  29      -0.180   4.166   4.381  1.00  0.85           N  
ATOM    208  CA  MET A  29       0.836   3.312   3.772  1.00  0.85           C  
ATOM    209  C   MET A  29       1.624   4.075   2.713  1.00  0.84           C  
ATOM    210  CB  MET A  29       0.194   2.070   3.152  1.00  0.84           C  
ATOM    211  O   MET A  29       2.851   3.970   2.650  1.00  0.83           O  
ATOM    212  CG  MET A  29      -0.547   1.199   4.153  1.00  0.84           C  
ATOM    213  SD  MET A  29       0.576   0.438   5.389  1.00  0.85           S  
ATOM    214  CE  MET A  29      -0.487  -0.897   6.008  1.00  0.79           C  
ATOM    215  N   MET A  30       0.900   4.899   1.895  1.00  0.83           N  
ATOM    216  CA  MET A  30       1.543   5.663   0.829  1.00  0.82           C  
ATOM    217  C   MET A  30       2.430   6.761   1.405  1.00  0.81           C  
ATOM    218  CB  MET A  30       0.494   6.273  -0.103  1.00  0.81           C  
ATOM    219  O   MET A  30       3.425   7.148   0.790  1.00  0.79           O  
ATOM    220  CG  MET A  30      -0.264   5.246  -0.928  1.00  0.81           C  
ATOM    221  SD  MET A  30      -1.292   6.018  -2.238  1.00  0.83           S  
ATOM    222  CE  MET A  30      -2.577   6.795  -1.220  1.00  0.73           C  
TER     223      MET A  30                                                       
ATOM    223  N   ASP B 568       5.076   4.419  16.189  1.00  0.66           N  
ATOM    224  CA  ASP B 568       5.600   3.093  15.874  1.00  0.68           C  
ATOM    225  C   ASP B 568       5.051   2.588  14.541  1.00  0.70           C  
ATOM    226  CB  ASP B 568       5.263   2.103  16.991  1.00  0.61           C  
ATOM    227  O   ASP B 568       3.875   2.233  14.443  1.00  0.65           O  
ATOM    228  CG  ASP B 568       5.932   0.752  16.808  1.00  0.56           C  
ATOM    229  OD1 ASP B 568       6.514   0.501  15.731  1.00  0.60           O  
ATOM    230  OD2 ASP B 568       5.874  -0.069  17.749  1.00  0.66           O  
ATOM    231  N   ILE B 569       5.766   2.754  13.471  1.00  0.77           N  
ATOM    232  CA  ILE B 569       5.377   2.501  12.088  1.00  0.77           C  
ATOM    233  C   ILE B 569       4.984   1.034  11.922  1.00  0.78           C  
ATOM    234  CB  ILE B 569       6.513   2.866  11.105  1.00  0.75           C  
ATOM    235  O   ILE B 569       4.065   0.713  11.165  1.00  0.76           O  
ATOM    236  CG1 ILE B 569       5.993   2.862   9.663  1.00  0.71           C  
ATOM    237  CG2 ILE B 569       7.694   1.904  11.264  1.00  0.70           C  
ATOM    238  CD1 ILE B 569       6.890   3.602   8.680  1.00  0.68           C  
ATOM    239  N   VAL B 570       5.553   0.157  12.738  1.00  0.80           N  
ATOM    240  CA  VAL B 570       5.197  -1.252  12.616  1.00  0.81           C  
ATOM    241  C   VAL B 570       3.760  -1.465  13.085  1.00  0.82           C  
ATOM    242  CB  VAL B 570       6.160  -2.153  13.422  1.00  0.79           C  
ATOM    243  O   VAL B 570       2.974  -2.138  12.412  1.00  0.82           O  
ATOM    244  CG1 VAL B 570       5.657  -3.595  13.447  1.00  0.78           C  
ATOM    245  CG2 VAL B 570       7.569  -2.085  12.837  1.00  0.77           C  
ATOM    246  N   ALA B 571       3.454  -0.846  14.221  1.00  0.82           N  
ATOM    247  CA  ALA B 571       2.095  -0.974  14.739  1.00  0.83           C  
ATOM    248  C   ALA B 571       1.083  -0.347  13.785  1.00  0.83           C  
ATOM    249  CB  ALA B 571       1.988  -0.332  16.120  1.00  0.81           C  
ATOM    250  O   ALA B 571       0.035  -0.935  13.507  1.00  0.83           O  
ATOM    251  N   GLY B 572       1.400   0.830  13.328  1.00  0.84           N  
ATOM    252  CA  GLY B 572       0.524   1.481  12.367  1.00  0.85           C  
ATOM    253  C   GLY B 572       0.362   0.695  11.079  1.00  0.86           C  
ATOM    254  O   GLY B 572      -0.738   0.618  10.527  1.00  0.85           O  
ATOM    255  N   THR B 573       1.498   0.156  10.581  1.00  0.86           N  
ATOM    256  CA  THR B 573       1.451  -0.658   9.372  1.00  0.86           C  
ATOM    257  C   THR B 573       0.625  -1.921   9.602  1.00  0.87           C  
ATOM    258  CB  THR B 573       2.866  -1.045   8.903  1.00  0.85           C  
ATOM    259  O   THR B 573      -0.154  -2.325   8.737  1.00  0.86           O  
ATOM    260  CG2 THR B 573       2.815  -1.859   7.614  1.00  0.82           C  
ATOM    261  OG1 THR B 573       3.629   0.145   8.673  1.00  0.85           O  
ATOM    262  N   THR B 574       0.782  -2.522  10.755  1.00  0.88           N  
ATOM    263  CA  THR B 574      -0.033  -3.686  11.085  1.00  0.89           C  
ATOM    264  C   THR B 574      -1.517  -3.333  11.053  1.00  0.89           C  
ATOM    265  CB  THR B 574       0.334  -4.250  12.470  1.00  0.88           C  
ATOM    266  O   THR B 574      -2.326  -4.074  10.491  1.00  0.89           O  
ATOM    267  CG2 THR B 574      -0.546  -5.444  12.828  1.00  0.84           C  
ATOM    268  OG1 THR B 574       1.705  -4.666  12.462  1.00  0.87           O  
ATOM    269  N   THR B 575      -1.872  -2.191  11.632  1.00  0.90           N  
ATOM    270  CA  THR B 575      -3.265  -1.760  11.668  1.00  0.91           C  
ATOM    271  C   THR B 575      -3.785  -1.493  10.258  1.00  0.91           C  
ATOM    272  CB  THR B 575      -3.436  -0.494  12.528  1.00  0.89           C  
ATOM    273  O   THR B 575      -4.855  -1.978   9.883  1.00  0.91           O  
ATOM    274  CG2 THR B 575      -4.885  -0.019  12.526  1.00  0.83           C  
ATOM    275  OG1 THR B 575      -3.042  -0.783  13.876  1.00  0.87           O  
ATOM    276  N   ALA B 576      -3.037  -0.758   9.524  1.00  0.90           N  
ATOM    277  CA  ALA B 576      -3.460  -0.421   8.167  1.00  0.91           C  
ATOM    278  C   ALA B 576      -3.597  -1.675   7.308  1.00  0.91           C  
ATOM    279  CB  ALA B 576      -2.472   0.552   7.528  1.00  0.90           C  
ATOM    280  O   ALA B 576      -4.566  -1.818   6.558  1.00  0.91           O  
ATOM    281  N   PHE B 577      -2.641  -2.557   7.370  1.00  0.94           N  
ATOM    282  CA  PHE B 577      -2.656  -3.814   6.632  1.00  0.95           C  
ATOM    283  C   PHE B 577      -3.872  -4.651   7.011  1.00  0.95           C  
ATOM    284  CB  PHE B 577      -1.371  -4.607   6.891  1.00  0.94           C  
ATOM    285  O   PHE B 577      -4.531  -5.227   6.144  1.00  0.95           O  
ATOM    286  CG  PHE B 577      -1.166  -5.758   5.943  1.00  0.91           C  
ATOM    287  CD1 PHE B 577      -1.873  -6.943   6.103  1.00  0.87           C  
ATOM    288  CD2 PHE B 577      -0.266  -5.653   4.891  1.00  0.87           C  
ATOM    289  CE1 PHE B 577      -1.685  -8.009   5.226  1.00  0.89           C  
ATOM    290  CE2 PHE B 577      -0.072  -6.715   4.011  1.00  0.90           C  
ATOM    291  CZ  PHE B 577      -0.783  -7.892   4.181  1.00  0.89           C  
ATOM    292  N   THR B 578      -4.137  -4.673   8.309  1.00  0.96           N  
ATOM    293  CA  THR B 578      -5.290  -5.425   8.790  1.00  0.96           C  
ATOM    294  C   THR B 578      -6.586  -4.843   8.233  1.00  0.96           C  
ATOM    295  CB  THR B 578      -5.349  -5.436  10.329  1.00  0.95           C  
ATOM    296  O   THR B 578      -7.494  -5.585   7.852  1.00  0.96           O  
ATOM    297  CG2 THR B 578      -6.576  -6.192  10.827  1.00  0.87           C  
ATOM    298  OG1 THR B 578      -4.170  -6.070  10.841  1.00  0.88           O  
ATOM    299  N   ILE B 579      -6.663  -3.506   8.175  1.00  0.96           N  
ATOM    300  CA  ILE B 579      -7.848  -2.839   7.647  1.00  0.96           C  
ATOM    301  C   ILE B 579      -8.035  -3.206   6.176  1.00  0.96           C  
ATOM    302  CB  ILE B 579      -7.752  -1.305   7.808  1.00  0.95           C  
ATOM    303  O   ILE B 579      -9.153  -3.483   5.736  1.00  0.95           O  
ATOM    304  CG1 ILE B 579      -7.914  -0.912   9.281  1.00  0.90           C  
ATOM    305  CG2 ILE B 579      -8.798  -0.604   6.936  1.00  0.90           C  
ATOM    306  CD1 ILE B 579      -7.510   0.524   9.586  1.00  0.87           C  
ATOM    307  N   ILE B 580      -7.010  -3.277   5.402  1.00  0.96           N  
ATOM    308  CA  ILE B 580      -7.086  -3.438   3.954  1.00  0.96           C  
ATOM    309  C   ILE B 580      -7.216  -4.919   3.606  1.00  0.96           C  
ATOM    310  CB  ILE B 580      -5.852  -2.828   3.252  1.00  0.96           C  
ATOM    311  O   ILE B 580      -8.034  -5.295   2.762  1.00  0.96           O  
ATOM    312  CG1 ILE B 580      -5.860  -1.301   3.390  1.00  0.92           C  
ATOM    313  CG2 ILE B 580      -5.808  -3.246   1.780  1.00  0.92           C  
ATOM    314  CD1 ILE B 580      -4.596  -0.627   2.873  1.00  0.90           C  
ATOM    315  N   MET B 581      -6.420  -5.727   4.276  1.00  0.98           N  
ATOM    316  CA  MET B 581      -6.288  -7.120   3.859  1.00  0.98           C  
ATOM    317  C   MET B 581      -7.209  -8.022   4.674  1.00  0.97           C  
ATOM    318  CB  MET B 581      -4.839  -7.590   3.999  1.00  0.97           C  
ATOM    319  O   MET B 581      -7.492  -9.152   4.273  1.00  0.96           O  
ATOM    320  CG  MET B 581      -3.865  -6.850   3.097  1.00  0.92           C  
ATOM    321  SD  MET B 581      -4.203  -7.132   1.316  1.00  0.90           S  
ATOM    322  CE  MET B 581      -3.569  -8.822   1.134  1.00  0.83           C  
ATOM    323  N   GLY B 582      -7.584  -7.528   5.890  1.00  0.97           N  
ATOM    324  CA  GLY B 582      -8.492  -8.303   6.722  1.00  0.97           C  
ATOM    325  C   GLY B 582      -7.775  -9.193   7.719  1.00  0.97           C  
ATOM    326  O   GLY B 582      -8.413  -9.939   8.464  1.00  0.96           O  
ATOM    327  N   TYR B 583      -6.519  -9.181   7.738  1.00  0.98           N  
ATOM    328  CA  TYR B 583      -5.734  -9.956   8.692  1.00  0.98           C  
ATOM    329  C   TYR B 583      -4.399  -9.278   8.977  1.00  0.97           C  
ATOM    330  CB  TYR B 583      -5.498 -11.375   8.167  1.00  0.97           C  
ATOM    331  O   TYR B 583      -3.952  -8.425   8.207  1.00  0.97           O  
ATOM    332  CG  TYR B 583      -4.704 -11.423   6.884  1.00  0.97           C  
ATOM    333  CD1 TYR B 583      -5.341 -11.377   5.646  1.00  0.95           C  
ATOM    334  CD2 TYR B 583      -3.317 -11.516   6.907  1.00  0.95           C  
ATOM    335  CE1 TYR B 583      -4.614 -11.424   4.461  1.00  0.94           C  
ATOM    336  CE2 TYR B 583      -2.580 -11.564   5.729  1.00  0.94           C  
ATOM    337  OH  TYR B 583      -2.511 -11.563   3.343  1.00  0.92           O  
ATOM    338  CZ  TYR B 583      -3.236 -11.516   4.512  1.00  0.94           C  
ATOM    339  N   ALA B 584      -3.795  -9.628  10.133  1.00  0.96           N  
ATOM    340  CA  ALA B 584      -2.495  -9.085  10.516  1.00  0.96           C  
ATOM    341  C   ALA B 584      -1.378  -9.681   9.664  1.00  0.96           C  
ATOM    342  CB  ALA B 584      -2.226  -9.342  11.997  1.00  0.95           C  
ATOM    343  O   ALA B 584      -1.383 -10.880   9.375  1.00  0.95           O  
ATOM    344  N   PRO B 585      -0.459  -8.919   9.239  1.00  0.94           N  
ATOM    345  CA  PRO B 585       0.642  -9.457   8.437  1.00  0.94           C  
ATOM    346  C   PRO B 585       1.588 -10.339   9.249  1.00  0.92           C  
ATOM    347  CB  PRO B 585       1.361  -8.200   7.938  1.00  0.93           C  
ATOM    348  O   PRO B 585       1.836 -10.065  10.426  1.00  0.91           O  
ATOM    349  CG  PRO B 585       1.070  -7.159   8.970  1.00  0.92           C  
ATOM    350  CD  PRO B 585      -0.313  -7.392   9.507  1.00  0.91           C  
ATOM    351  N   ASP B 586       2.129 -11.310   8.534  1.00  0.92           N  
ATOM    352  CA  ASP B 586       3.259 -12.007   9.139  1.00  0.92           C  
ATOM    353  C   ASP B 586       4.565 -11.258   8.887  1.00  0.91           C  
ATOM    354  CB  ASP B 586       3.360 -13.436   8.599  1.00  0.91           C  
ATOM    355  O   ASP B 586       4.565 -10.187   8.276  1.00  0.90           O  
ATOM    356  CG  ASP B 586       3.699 -13.487   7.119  1.00  0.89           C  
ATOM    357  OD1 ASP B 586       4.435 -12.603   6.631  1.00  0.89           O  
ATOM    358  OD2 ASP B 586       3.223 -14.419   6.436  1.00  0.89           O  
ATOM    359  N   ALA B 587       5.662 -11.776   9.346  1.00  0.86           N  
ATOM    360  CA  ALA B 587       6.949 -11.089   9.288  1.00  0.87           C  
ATOM    361  C   ALA B 587       7.348 -10.793   7.845  1.00  0.87           C  
ATOM    362  CB  ALA B 587       8.029 -11.921   9.975  1.00  0.85           C  
ATOM    363  O   ALA B 587       7.859  -9.712   7.544  1.00  0.86           O  
ATOM    364  N   THR B 588       7.234 -11.745   6.872  1.00  0.87           N  
ATOM    365  CA  THR B 588       7.582 -11.581   5.464  1.00  0.88           C  
ATOM    366  C   THR B 588       6.699 -10.524   4.808  1.00  0.88           C  
ATOM    367  CB  THR B 588       7.451 -12.911   4.698  1.00  0.86           C  
ATOM    368  O   THR B 588       7.191  -9.667   4.071  1.00  0.88           O  
ATOM    369  CG2 THR B 588       7.887 -12.754   3.245  1.00  0.79           C  
ATOM    370  OG1 THR B 588       8.272 -13.902   5.328  1.00  0.83           O  
ATOM    371  N   GLU B 589       5.372 -10.588   5.117  1.00  0.89           N  
ATOM    372  CA  GLU B 589       4.440  -9.593   4.595  1.00  0.90           C  
ATOM    373  C   GLU B 589       4.745  -8.205   5.150  1.00  0.89           C  
ATOM    374  CB  GLU B 589       2.997  -9.985   4.922  1.00  0.89           C  
ATOM    375  O   GLU B 589       4.636  -7.207   4.435  1.00  0.88           O  
ATOM    376  CG  GLU B 589       2.481 -11.166   4.112  1.00  0.89           C  
ATOM    377  CD  GLU B 589       1.151 -11.704   4.615  1.00  0.88           C  
ATOM    378  OE1 GLU B 589       0.863 -11.575   5.826  1.00  0.89           O  
ATOM    379  OE2 GLU B 589       0.391 -12.260   3.791  1.00  0.90           O  
ATOM    380  N   MET B 590       5.114  -8.090   6.468  1.00  0.87           N  
ATOM    381  CA  MET B 590       5.504  -6.825   7.085  1.00  0.86           C  
ATOM    382  C   MET B 590       6.739  -6.245   6.404  1.00  0.85           C  
ATOM    383  CB  MET B 590       5.771  -7.013   8.579  1.00  0.86           C  
ATOM    384  O   MET B 590       6.761  -5.067   6.045  1.00  0.84           O  
ATOM    385  CG  MET B 590       6.150  -5.731   9.301  1.00  0.85           C  
ATOM    386  SD  MET B 590       4.838  -4.452   9.197  1.00  0.89           S  
ATOM    387  CE  MET B 590       3.768  -4.980  10.564  1.00  0.83           C  
ATOM    388  N   ASP B 591       7.652  -7.166   6.045  1.00  0.84           N  
ATOM    389  CA  ASP B 591       8.860  -6.726   5.353  1.00  0.84           C  
ATOM    390  C   ASP B 591       8.537  -6.230   3.946  1.00  0.84           C  
ATOM    391  CB  ASP B 591       9.884  -7.861   5.289  1.00  0.83           C  
ATOM    392  O   ASP B 591       9.059  -5.202   3.509  1.00  0.83           O  
ATOM    393  CG  ASP B 591      10.547  -8.139   6.626  1.00  0.79           C  
ATOM    394  OD1 ASP B 591      10.411  -7.315   7.557  1.00  0.78           O  
ATOM    395  OD2 ASP B 591      11.214  -9.189   6.750  1.00  0.79           O  
ATOM    396  N   ALA B 592       7.742  -6.927   3.269  1.00  0.85           N  
ATOM    397  CA  ALA B 592       7.319  -6.546   1.924  1.00  0.86           C  
ATOM    398  C   ALA B 592       6.571  -5.216   1.940  1.00  0.86           C  
ATOM    399  CB  ALA B 592       6.445  -7.637   1.312  1.00  0.85           C  
ATOM    400  O   ALA B 592       6.801  -4.356   1.087  1.00  0.85           O  
ATOM    401  N   GLN B 593       5.713  -5.045   2.920  1.00  0.87           N  
ATOM    402  CA  GLN B 593       4.940  -3.811   3.007  1.00  0.87           C  
ATOM    403  C   GLN B 593       5.833  -2.625   3.361  1.00  0.86           C  
ATOM    404  CB  GLN B 593       3.820  -3.951   4.039  1.00  0.86           C  
ATOM    405  O   GLN B 593       5.688  -1.541   2.793  1.00  0.84           O  
ATOM    406  CG  GLN B 593       2.936  -2.717   4.159  1.00  0.86           C  
ATOM    407  CD  GLN B 593       2.233  -2.370   2.860  1.00  0.85           C  
ATOM    408  NE2 GLN B 593       2.361  -1.119   2.431  1.00  0.85           N  
ATOM    409  OE1 GLN B 593       1.580  -3.221   2.246  1.00  0.85           O  
ATOM    410  N   MET B 594       6.725  -2.879   4.234  1.00  0.83           N  
ATOM    411  CA  MET B 594       7.668  -1.827   4.600  1.00  0.83           C  
ATOM    412  C   MET B 594       8.515  -1.413   3.401  1.00  0.83           C  
ATOM    413  CB  MET B 594       8.572  -2.288   5.745  1.00  0.82           C  
ATOM    414  O   MET B 594       8.772  -0.226   3.197  1.00  0.81           O  
ATOM    415  CG  MET B 594       7.837  -2.506   7.057  1.00  0.80           C  
ATOM    416  SD  MET B 594       7.096  -0.960   7.713  1.00  0.82           S  
ATOM    417  CE  MET B 594       8.581  -0.141   8.357  1.00  0.69           C  
ATOM    418  N   PHE B 595       8.875  -2.413   2.528  1.00  0.82           N  
ATOM    419  CA  PHE B 595       9.543  -2.115   1.267  1.00  0.82           C  
ATOM    420  C   PHE B 595       8.675  -1.218   0.393  1.00  0.82           C  
ATOM    421  CB  PHE B 595       9.884  -3.407   0.518  1.00  0.81           C  
ATOM    422  O   PHE B 595       9.156  -0.229  -0.163  1.00  0.81           O  
ATOM    423  CG  PHE B 595      10.398  -3.183  -0.878  1.00  0.82           C  
ATOM    424  CD1 PHE B 595      11.739  -2.899  -1.102  1.00  0.81           C  
ATOM    425  CD2 PHE B 595       9.539  -3.255  -1.967  1.00  0.82           C  
ATOM    426  CE1 PHE B 595      12.218  -2.691  -2.394  1.00  0.81           C  
ATOM    427  CE2 PHE B 595      10.010  -3.048  -3.260  1.00  0.81           C  
ATOM    428  CZ  PHE B 595      11.350  -2.765  -3.471  1.00  0.77           C  
ATOM    429  N   MET B 596       7.450  -1.491   0.303  1.00  0.84           N  
ATOM    430  CA  MET B 596       6.520  -0.737  -0.532  1.00  0.85           C  
ATOM    431  C   MET B 596       6.330   0.677   0.005  1.00  0.84           C  
ATOM    432  CB  MET B 596       5.170  -1.451  -0.615  1.00  0.84           C  
ATOM    433  O   MET B 596       6.283   1.638  -0.765  1.00  0.82           O  
ATOM    434  CG  MET B 596       5.246  -2.836  -1.239  1.00  0.84           C  
ATOM    435  SD  MET B 596       5.723  -2.783  -3.010  1.00  0.85           S  
ATOM    436  CE  MET B 596       4.430  -3.840  -3.720  1.00  0.78           C  
ATOM    437  N   MET B 597       6.260   0.760   1.383  1.00  0.82           N  
ATOM    438  CA  MET B 597       6.060   2.060   2.019  1.00  0.82           C  
ATOM    439  C   MET B 597       7.287   2.948   1.841  1.00  0.81           C  
ATOM    440  CB  MET B 597       5.750   1.889   3.507  1.00  0.81           C  
ATOM    441  O   MET B 597       7.171   4.174   1.800  1.00  0.79           O  
ATOM    442  CG  MET B 597       4.405   1.235   3.782  1.00  0.80           C  
ATOM    443  SD  MET B 597       3.937   1.309   5.554  1.00  0.82           S  
ATOM    444  CE  MET B 597       5.168   0.177   6.258  1.00  0.70           C  
TER     445      MET B 597                                                       
ATOM    445  N   ASP C1135      16.719  -2.338  -8.524  1.00  0.70           N  
ATOM    446  CA  ASP C1135      15.657  -2.390  -9.523  1.00  0.73           C  
ATOM    447  C   ASP C1135      14.280  -2.402  -8.862  1.00  0.74           C  
ATOM    448  CB  ASP C1135      15.821  -3.621 -10.417  1.00  0.65           C  
ATOM    449  O   ASP C1135      13.856  -3.423  -8.318  1.00  0.69           O  
ATOM    450  CG  ASP C1135      14.870  -3.625 -11.601  1.00  0.59           C  
ATOM    451  OD1 ASP C1135      13.935  -2.797 -11.635  1.00  0.62           O  
ATOM    452  OD2 ASP C1135      15.056  -4.467 -12.507  1.00  0.70           O  
ATOM    453  N   ILE C1136      13.661  -1.302  -8.693  1.00  0.79           N  
ATOM    454  CA  ILE C1136      12.433  -1.047  -7.948  1.00  0.80           C  
ATOM    455  C   ILE C1136      11.290  -1.870  -8.538  1.00  0.80           C  
ATOM    456  CB  ILE C1136      12.070   0.455  -7.953  1.00  0.77           C  
ATOM    457  O   ILE C1136      10.439  -2.379  -7.804  1.00  0.80           O  
ATOM    458  CG1 ILE C1136      10.929   0.732  -6.968  1.00  0.71           C  
ATOM    459  CG2 ILE C1136      11.698   0.915  -9.366  1.00  0.70           C  
ATOM    460  CD1 ILE C1136      10.760   2.203  -6.614  1.00  0.68           C  
ATOM    461  N   VAL C1137      11.339  -2.227  -9.793  1.00  0.82           N  
ATOM    462  CA  VAL C1137      10.279  -3.008 -10.421  1.00  0.83           C  
ATOM    463  C   VAL C1137      10.348  -4.456  -9.940  1.00  0.84           C  
ATOM    464  CB  VAL C1137      10.371  -2.954 -11.963  1.00  0.81           C  
ATOM    465  O   VAL C1137       9.329  -5.043  -9.571  1.00  0.83           O  
ATOM    466  CG1 VAL C1137       9.366  -3.914 -12.598  1.00  0.79           C  
ATOM    467  CG2 VAL C1137      10.141  -1.528 -12.461  1.00  0.78           C  
ATOM    468  N   ALA C1138      11.559  -5.005  -9.952  1.00  0.83           N  
ATOM    469  CA  ALA C1138      11.723  -6.380  -9.487  1.00  0.84           C  
ATOM    470  C   ALA C1138      11.343  -6.511  -8.015  1.00  0.84           C  
ATOM    471  CB  ALA C1138      13.160  -6.848  -9.705  1.00  0.82           C  
ATOM    472  O   ALA C1138      10.646  -7.452  -7.628  1.00  0.83           O  
ATOM    473  N   GLY C1139      11.817  -5.603  -7.245  1.00  0.84           N  
ATOM    474  CA  GLY C1139      11.467  -5.610  -5.834  1.00  0.85           C  
ATOM    475  C   GLY C1139       9.980  -5.446  -5.587  1.00  0.85           C  
ATOM    476  O   GLY C1139       9.416  -6.094  -4.702  1.00  0.85           O  
ATOM    477  N   THR C1140       9.366  -4.555  -6.354  1.00  0.86           N  
ATOM    478  CA  THR C1140       7.927  -4.348  -6.241  1.00  0.87           C  
ATOM    479  C   THR C1140       7.166  -5.604  -6.657  1.00  0.87           C  
ATOM    480  CB  THR C1140       7.465  -3.156  -7.100  1.00  0.85           C  
ATOM    481  O   THR C1140       6.172  -5.971  -6.027  1.00  0.86           O  
ATOM    482  CG2 THR C1140       5.960  -2.942  -6.979  1.00  0.80           C  
ATOM    483  OG1 THR C1140       8.142  -1.971  -6.666  1.00  0.84           O  
ATOM    484  N   THR C1141       7.618  -6.252  -7.675  1.00  0.88           N  
ATOM    485  CA  THR C1141       7.003  -7.510  -8.082  1.00  0.89           C  
ATOM    486  C   THR C1141       7.075  -8.537  -6.955  1.00  0.89           C  
ATOM    487  CB  THR C1141       7.677  -8.080  -9.343  1.00  0.87           C  
ATOM    488  O   THR C1141       6.089  -9.217  -6.663  1.00  0.88           O  
ATOM    489  CG2 THR C1141       7.039  -9.401  -9.759  1.00  0.83           C  
ATOM    490  OG1 THR C1141       7.543  -7.139 -10.416  1.00  0.86           O  
ATOM    491  N   THR C1142       8.238  -8.631  -6.331  1.00  0.88           N  
ATOM    492  CA  THR C1142       8.426  -9.589  -5.247  1.00  0.89           C  
ATOM    493  C   THR C1142       7.525  -9.249  -4.063  1.00  0.89           C  
ATOM    494  CB  THR C1142       9.894  -9.627  -4.784  1.00  0.87           C  
ATOM    495  O   THR C1142       6.831 -10.121  -3.535  1.00  0.88           O  
ATOM    496  CG2 THR C1142      10.078 -10.596  -3.620  1.00  0.81           C  
ATOM    497  OG1 THR C1142      10.723 -10.045  -5.875  1.00  0.85           O  
ATOM    498  N   ALA C1143       7.550  -8.040  -3.673  1.00  0.88           N  
ATOM    499  CA  ALA C1143       6.734  -7.614  -2.538  1.00  0.89           C  
ATOM    500  C   ALA C1143       5.250  -7.833  -2.817  1.00  0.90           C  
ATOM    501  CB  ALA C1143       7.001  -6.147  -2.211  1.00  0.88           C  
ATOM    502  O   ALA C1143       4.514  -8.313  -1.952  1.00  0.90           O  
ATOM    503  N   PHE C1144       4.778  -7.442  -3.978  1.00  0.93           N  
ATOM    504  CA  PHE C1144       3.391  -7.631  -4.387  1.00  0.94           C  
ATOM    505  C   PHE C1144       3.010  -9.106  -4.343  1.00  0.94           C  
ATOM    506  CB  PHE C1144       3.163  -7.071  -5.794  1.00  0.93           C  
ATOM    507  O   PHE C1144       1.933  -9.460  -3.859  1.00  0.94           O  
ATOM    508  CG  PHE C1144       1.713  -6.998  -6.191  1.00  0.91           C  
ATOM    509  CD1 PHE C1144       1.032  -8.138  -6.603  1.00  0.87           C  
ATOM    510  CD2 PHE C1144       1.030  -5.789  -6.153  1.00  0.87           C  
ATOM    511  CE1 PHE C1144      -0.310  -8.073  -6.971  1.00  0.90           C  
ATOM    512  CE2 PHE C1144      -0.311  -5.717  -6.519  1.00  0.90           C  
ATOM    513  CZ  PHE C1144      -0.978  -6.860  -6.928  1.00  0.89           C  
ATOM    514  N   THR C1145       3.929  -9.930  -4.857  1.00  0.95           N  
ATOM    515  CA  THR C1145       3.678 -11.367  -4.873  1.00  0.95           C  
ATOM    516  C   THR C1145       3.544 -11.907  -3.452  1.00  0.95           C  
ATOM    517  CB  THR C1145       4.800 -12.122  -5.609  1.00  0.94           C  
ATOM    518  O   THR C1145       2.685 -12.749  -3.181  1.00  0.94           O  
ATOM    519  CG2 THR C1145       4.551 -13.627  -5.594  1.00  0.85           C  
ATOM    520  OG1 THR C1145       4.859 -11.672  -6.968  1.00  0.88           O  
ATOM    521  N   ILE C1146       4.391 -11.397  -2.544  1.00  0.93           N  
ATOM    522  CA  ILE C1146       4.350 -11.829  -1.151  1.00  0.94           C  
ATOM    523  C   ILE C1146       3.013 -11.434  -0.527  1.00  0.94           C  
ATOM    524  CB  ILE C1146       5.519 -11.229  -0.338  1.00  0.93           C  
ATOM    525  O   ILE C1146       2.397 -12.227   0.189  1.00  0.93           O  
ATOM    526  CG1 ILE C1146       6.844 -11.883  -0.746  1.00  0.89           C  
ATOM    527  CG2 ILE C1146       5.269 -11.387   1.164  1.00  0.88           C  
ATOM    528  CD1 ILE C1146       8.078 -11.147  -0.244  1.00  0.86           C  
ATOM    529  N   ILE C1147       2.523 -10.280  -0.772  1.00  0.95           N  
ATOM    530  CA  ILE C1147       1.350  -9.725  -0.107  1.00  0.95           C  
ATOM    531  C   ILE C1147       0.081 -10.280  -0.751  1.00  0.95           C  
ATOM    532  CB  ILE C1147       1.347  -8.181  -0.162  1.00  0.95           C  
ATOM    533  O   ILE C1147      -0.854 -10.678  -0.052  1.00  0.94           O  
ATOM    534  CG1 ILE C1147       2.471  -7.613   0.712  1.00  0.91           C  
ATOM    535  CG2 ILE C1147      -0.015  -7.628   0.269  1.00  0.91           C  
ATOM    536  CD1 ILE C1147       2.654  -6.107   0.583  1.00  0.89           C  
ATOM    537  N   MET C1148       0.068 -10.310  -2.076  1.00  0.98           N  
ATOM    538  CA  MET C1148      -1.174 -10.591  -2.792  1.00  0.97           C  
ATOM    539  C   MET C1148      -1.280 -12.072  -3.137  1.00  0.97           C  
ATOM    540  CB  MET C1148      -1.263  -9.749  -4.066  1.00  0.97           C  
ATOM    541  O   MET C1148      -2.369 -12.569  -3.431  1.00  0.95           O  
ATOM    542  CG  MET C1148      -1.348  -8.253  -3.808  1.00  0.93           C  
ATOM    543  SD  MET C1148      -2.879  -7.780  -2.914  1.00  0.92           S  
ATOM    544  CE  MET C1148      -4.090  -7.913  -4.259  1.00  0.85           C  
ATOM    545  N   GLY C1149      -0.087 -12.765  -3.183  1.00  0.97           N  
ATOM    546  CA  GLY C1149      -0.087 -14.189  -3.479  1.00  0.97           C  
ATOM    547  C   GLY C1149       0.069 -14.491  -4.958  1.00  0.97           C  
ATOM    548  O   GLY C1149       0.008 -15.651  -5.369  1.00  0.96           O  
ATOM    549  N   TYR C1150       0.205 -13.527  -5.773  1.00  0.97           N  
ATOM    550  CA  TYR C1150       0.430 -13.703  -7.203  1.00  0.97           C  
ATOM    551  C   TYR C1150       1.227 -12.538  -7.777  1.00  0.97           C  
ATOM    552  CB  TYR C1150      -0.903 -13.840  -7.944  1.00  0.97           C  
ATOM    553  O   TYR C1150       1.296 -11.466  -7.170  1.00  0.97           O  
ATOM    554  CG  TYR C1150      -1.781 -12.616  -7.845  1.00  0.96           C  
ATOM    555  CD1 TYR C1150      -2.695 -12.472  -6.803  1.00  0.95           C  
ATOM    556  CD2 TYR C1150      -1.700 -11.601  -8.793  1.00  0.95           C  
ATOM    557  CE1 TYR C1150      -3.507 -11.347  -6.709  1.00  0.94           C  
ATOM    558  CE2 TYR C1150      -2.507 -10.472  -8.708  1.00  0.94           C  
ATOM    559  OH  TYR C1150      -4.208  -9.238  -7.576  1.00  0.92           O  
ATOM    560  CZ  TYR C1150      -3.406 -10.354  -7.664  1.00  0.93           C  
ATOM    561  N   ALA C1151       1.849 -12.757  -8.932  1.00  0.96           N  
ATOM    562  CA  ALA C1151       2.625 -11.722  -9.609  1.00  0.97           C  
ATOM    563  C   ALA C1151       1.711 -10.690 -10.262  1.00  0.96           C  
ATOM    564  CB  ALA C1151       3.548 -12.346 -10.652  1.00  0.96           C  
ATOM    565  O   ALA C1151       0.689 -11.043 -10.855  1.00  0.96           O  
ATOM    566  N   PRO C1152       2.026  -9.452 -10.173  1.00  0.96           N  
ATOM    567  CA  PRO C1152       1.183  -8.433 -10.803  1.00  0.96           C  
ATOM    568  C   PRO C1152       1.283  -8.445 -12.327  1.00  0.95           C  
ATOM    569  CB  PRO C1152       1.727  -7.122 -10.230  1.00  0.95           C  
ATOM    570  O   PRO C1152       2.361  -8.688 -12.877  1.00  0.94           O  
ATOM    571  CG  PRO C1152       3.154  -7.413  -9.898  1.00  0.94           C  
ATOM    572  CD  PRO C1152       3.258  -8.842  -9.449  1.00  0.93           C  
ATOM    573  N   ASP C1153       0.179  -8.093 -12.916  1.00  0.97           N  
ATOM    574  CA  ASP C1153       0.267  -7.789 -14.341  1.00  0.97           C  
ATOM    575  C   ASP C1153       0.693  -6.341 -14.568  1.00  0.97           C  
ATOM    576  CB  ASP C1153      -1.072  -8.058 -15.031  1.00  0.97           C  
ATOM    577  O   ASP C1153       0.955  -5.608 -13.613  1.00  0.96           O  
ATOM    578  CG  ASP C1153      -2.176  -7.124 -14.567  1.00  0.94           C  
ATOM    579  OD1 ASP C1153      -1.888  -5.951 -14.247  1.00  0.93           O  
ATOM    580  OD2 ASP C1153      -3.344  -7.566 -14.519  1.00  0.93           O  
ATOM    581  N   ALA C1154       0.764  -5.911 -15.805  1.00  0.96           N  
ATOM    582  CA  ALA C1154       1.287  -4.590 -16.144  1.00  0.96           C  
ATOM    583  C   ALA C1154       0.443  -3.488 -15.510  1.00  0.96           C  
ATOM    584  CB  ALA C1154       1.339  -4.411 -17.659  1.00  0.95           C  
ATOM    585  O   ALA C1154       0.980  -2.498 -15.007  1.00  0.95           O  
ATOM    586  N   THR C1155      -0.910  -3.544 -15.566  1.00  0.96           N  
ATOM    587  CA  THR C1155      -1.820  -2.553 -15.003  1.00  0.97           C  
ATOM    588  C   THR C1155      -1.670  -2.482 -13.486  1.00  0.97           C  
ATOM    589  CB  THR C1155      -3.284  -2.871 -15.362  1.00  0.95           C  
ATOM    590  O   THR C1155      -1.609  -1.391 -12.914  1.00  0.96           O  
ATOM    591  CG2 THR C1155      -4.227  -1.800 -14.824  1.00  0.83           C  
ATOM    592  OG1 THR C1155      -3.417  -2.937 -16.787  1.00  0.84           O  
ATOM    593  N   GLU C1156      -1.591  -3.665 -12.844  1.00  0.96           N  
ATOM    594  CA  GLU C1156      -1.397  -3.719 -11.398  1.00  0.97           C  
ATOM    595  C   GLU C1156      -0.037  -3.153 -11.002  1.00  0.96           C  
ATOM    596  CB  GLU C1156      -1.537  -5.157 -10.891  1.00  0.96           C  
ATOM    597  O   GLU C1156       0.087  -2.482  -9.975  1.00  0.95           O  
ATOM    598  CG  GLU C1156      -2.965  -5.682 -10.916  1.00  0.94           C  
ATOM    599  CD  GLU C1156      -3.059  -7.177 -10.657  1.00  0.90           C  
ATOM    600  OE1 GLU C1156      -2.080  -7.905 -10.939  1.00  0.91           O  
ATOM    601  OE2 GLU C1156      -4.120  -7.625 -10.169  1.00  0.92           O  
ATOM    602  N   MET C1157       1.019  -3.435 -11.800  1.00  0.92           N  
ATOM    603  CA  MET C1157       2.349  -2.887 -11.550  1.00  0.92           C  
ATOM    604  C   MET C1157       2.338  -1.366 -11.651  1.00  0.91           C  
ATOM    605  CB  MET C1157       3.365  -3.470 -12.535  1.00  0.91           C  
ATOM    606  O   MET C1157       2.889  -0.678 -10.789  1.00  0.90           O  
ATOM    607  CG  MET C1157       4.790  -2.997 -12.297  1.00  0.87           C  
ATOM    608  SD  MET C1157       5.424  -3.480 -10.644  1.00  0.90           S  
ATOM    609  CE  MET C1157       6.019  -5.156 -11.008  1.00  0.82           C  
ATOM    610  N   ASP C1158       1.619  -0.845 -12.616  1.00  0.91           N  
ATOM    611  CA  ASP C1158       1.507   0.603 -12.766  1.00  0.91           C  
ATOM    612  C   ASP C1158       0.762   1.221 -11.586  1.00  0.90           C  
ATOM    613  CB  ASP C1158       0.801   0.954 -14.077  1.00  0.89           C  
ATOM    614  O   ASP C1158       1.171   2.259 -11.061  1.00  0.89           O  
ATOM    615  CG  ASP C1158       1.674   0.731 -15.299  1.00  0.82           C  
ATOM    616  OD1 ASP C1158       2.899   0.536 -15.147  1.00  0.80           O  
ATOM    617  OD2 ASP C1158       1.132   0.753 -16.426  1.00  0.83           O  
ATOM    618  N   ALA C1159      -0.272   0.574 -11.191  1.00  0.91           N  
ATOM    619  CA  ALA C1159      -1.050   1.034 -10.044  1.00  0.91           C  
ATOM    620  C   ALA C1159      -0.215   1.003  -8.767  1.00  0.90           C  
ATOM    621  CB  ALA C1159      -2.306   0.182  -9.876  1.00  0.91           C  
ATOM    622  O   ALA C1159      -0.241   1.950  -7.978  1.00  0.89           O  
ATOM    623  N   GLN C1160       0.500  -0.072  -8.585  1.00  0.90           N  
ATOM    624  CA  GLN C1160       1.327  -0.204  -7.390  1.00  0.90           C  
ATOM    625  C   GLN C1160       2.451   0.827  -7.382  1.00  0.88           C  
ATOM    626  CB  GLN C1160       1.908  -1.616  -7.292  1.00  0.89           C  
ATOM    627  O   GLN C1160       2.753   1.416  -6.341  1.00  0.86           O  
ATOM    628  CG  GLN C1160       2.763  -1.844  -6.053  1.00  0.87           C  
ATOM    629  CD  GLN C1160       1.976  -1.707  -4.763  1.00  0.84           C  
ATOM    630  NE2 GLN C1160       2.511  -0.939  -3.821  1.00  0.84           N  
ATOM    631  OE1 GLN C1160       0.896  -2.288  -4.615  1.00  0.85           O  
ATOM    632  N   MET C1161       3.026   1.073  -8.510  1.00  0.85           N  
ATOM    633  CA  MET C1161       4.095   2.061  -8.623  1.00  0.85           C  
ATOM    634  C   MET C1161       3.580   3.459  -8.300  1.00  0.84           C  
ATOM    635  CB  MET C1161       4.704   2.038 -10.026  1.00  0.83           C  
ATOM    636  O   MET C1161       4.283   4.256  -7.676  1.00  0.82           O  
ATOM    637  CG  MET C1161       5.478   0.767 -10.338  1.00  0.80           C  
ATOM    638  SD  MET C1161       6.926   0.537  -9.235  1.00  0.82           S  
ATOM    639  CE  MET C1161       8.011   1.854  -9.853  1.00  0.71           C  
ATOM    640  N   PHE C1162       2.299   3.746  -8.659  1.00  0.83           N  
ATOM    641  CA  PHE C1162       1.663   4.999  -8.269  1.00  0.83           C  
ATOM    642  C   PHE C1162       1.559   5.104  -6.752  1.00  0.82           C  
ATOM    643  CB  PHE C1162       0.273   5.118  -8.901  1.00  0.83           C  
ATOM    644  O   PHE C1162       1.752   6.181  -6.184  1.00  0.81           O  
ATOM    645  CG  PHE C1162      -0.494   6.334  -8.457  1.00  0.83           C  
ATOM    646  CD1 PHE C1162      -0.305   7.559  -9.085  1.00  0.81           C  
ATOM    647  CD2 PHE C1162      -1.403   6.253  -7.410  1.00  0.82           C  
ATOM    648  CE1 PHE C1162      -1.013   8.687  -8.676  1.00  0.82           C  
ATOM    649  CE2 PHE C1162      -2.114   7.376  -6.996  1.00  0.82           C  
ATOM    650  CZ  PHE C1162      -1.917   8.592  -7.630  1.00  0.79           C  
ATOM    651  N   MET C1163       1.288   3.964  -6.031  1.00  0.85           N  
ATOM    652  CA  MET C1163       1.050   3.909  -4.592  1.00  0.85           C  
ATOM    653  C   MET C1163       2.357   4.050  -3.819  1.00  0.84           C  
ATOM    654  CB  MET C1163       0.354   2.601  -4.210  1.00  0.84           C  
ATOM    655  O   MET C1163       2.346   4.317  -2.616  1.00  0.82           O  
ATOM    656  CG  MET C1163      -1.005   2.416  -4.865  1.00  0.83           C  
ATOM    657  SD  MET C1163      -2.254   3.606  -4.240  1.00  0.84           S  
ATOM    658  CE  MET C1163      -3.257   2.503  -3.206  1.00  0.76           C  
ATOM    659  N   MET C1164       3.547   3.704  -4.497  1.00  0.79           N  
ATOM    660  CA  MET C1164       4.870   3.799  -3.888  1.00  0.79           C  
ATOM    661  C   MET C1164       5.414   5.220  -3.988  1.00  0.78           C  
ATOM    662  CB  MET C1164       5.840   2.819  -4.551  1.00  0.77           C  
ATOM    663  O   MET C1164       6.025   5.723  -3.043  1.00  0.74           O  
ATOM    664  CG  MET C1164       5.485   1.358  -4.327  1.00  0.76           C  
ATOM    665  SD  MET C1164       6.737   0.215  -5.027  1.00  0.78           S  
ATOM    666  CE  MET C1164       6.241   0.227  -6.772  1.00  0.67           C  
TER     667      MET C1164                                                       
END   
",DIVAGTTTAFTIIMGYAPDATEMDAQMFMM:DIVAGTTTAFTIIMGYAPDATEMDAQMFMM:DIVAGTTTAFTIIMGYAPDATEMDAQMFMM
